Order_ID,Order_Date,Product_ID,Region,Store_Type,Units_Sold,Discount,Revenue,Profit,Customer_Age,Gender,Payment_Method
NKORD00001,2024-09-29,NK008,Europe,Outlet,2,0,250.0,79.09,31,Female,UPI
NKORD00002,2025-03-15,NK007,Asia-Pacific,Outlet,2,0,330.0,99.75,24,Female,Google Pay
NKORD00003,2023-04-04,NK016,North America,Online,1,5,38.0,11.42,35,Male,Credit Card
NKORD00004,2025-04-03,NK009,Asia-Pacific,Online,5,5,152.0,46.04,29,Male,Debit Card
NKORD00005,2023-03-08,NK001,North America,Online,4,20,368.0,110.27,23,Female,Google Pay
NKORD00006,2024-01-15,NK003,Asia-Pacific,Wholesale,2,5,361.0,108.78,33,Female,Credit Card
NKORD00007,2024-04-26,NK018,Asia-Pacific,Retail,2,0,56.0,12.51,23,Female,Google Pay
NKORD00008,2024-03-19,NK002,Latin America,Retail,1,10,121.5,40.49,28,Female,Debit Card
NKORD00009,2024-09-30,NK012,Asia-Pacific,Online,1,10,27.0,7.85,33,Female,Credit Card
NKORD00010,2023-12-31,NK017,North America,Online,2,20,80.0,15.07,25,Male,Apple Pay
NKORD00011,2024-07-20,NK015,Latin America,Online,2,5,53.2,18.02,18,Male,Apple Pay
NKORD00012,2025-08-07,NK002,Middle East & Africa,Retail,1,0,135.0,50.93,27,Female,Cash
NKORD00013,2023-07-14,NK008,North America,Online,3,40,225.0,53.48,19,Male,Debit Card
NKORD00014,2023-05-18,NK020,Europe,Online,3,20,72.0,14.29,42,Female,PayPal
NKORD00015,2025-06-18,NK006,Europe,Retail,1,5,137.75,42.55,23,Female,Debit Card
NKORD00016,2023-09-18,NK004,Middle East & Africa,Wholesale,2,0,240.0,69.67,34,Female,PayPal
NKORD00017,2024-04-06,NK019,North America,Retail,1,5,19.0,6.31,46,Male,UPI
NKORD00018,2025-06-23,NK004,North America,Outlet,3,5,342.0,86.03,24,Female,Apple Pay
NKORD00019,2023-11-09,NK004,Latin America,Online,5,10,540.0,152.65,25,Male,Debit Card
NKORD00020,2024-04-17,NK020,North America,Wholesale,3,0,90.0,26.8,32,Female,Credit Card
NKORD00021,2024-12-21,NK018,Europe,Outlet,2,10,50.4,15.02,50,Male,Google Pay
NKORD00022,2024-08-03,NK011,North America,Wholesale,5,10,697.5,145.36,27,Female,Apple Pay
NKORD00023,2024-01-13,NK006,Europe,Online,7,10,913.5,222.69,27,Female,UPI
NKORD00024,2024-07-20,NK009,Latin America,Retail,3,5,91.2,23.55,49,Female,Credit Card
NKORD00025,2023-01-05,NK009,Latin America,Retail,3,10,86.4,28.41,35,Female,UPI
NKORD00026,2023-08-10,NK012,Asia-Pacific,Retail,2,20,48.0,14.34,30,Male,Cash
NKORD00027,2023-11-09,NK004,Middle East & Africa,Outlet,1,10,108.0,25.3,28,Female,Cash
NKORD00028,2023-08-16,NK003,Asia-Pacific,Online,6,0,1140.0,319.62,34,Female,Credit Card
NKORD00029,2023-07-06,NK008,Latin America,Outlet,2,5,237.5,54.34,36,Male,Debit Card
NKORD00030,2023-09-03,NK009,North America,Retail,1,5,30.4,7.16,32,Male,Google Pay
NKORD00031,2024-07-24,NK003,Middle East & Africa,Outlet,1,10,171.0,56.82,28,Male,Credit Card
NKORD00032,2025-09-12,NK010,Latin America,Wholesale,5,10,292.5,50.34,20,Female,Google Pay
NKORD00033,2023-01-24,NK019,Latin America,Wholesale,4,10,72.0,19.25,30,Male,Debit Card
NKORD00034,2025-02-25,NK013,Latin America,Online,2,5,237.5,58.12,35,Female,NetBanking
NKORD00035,2024-04-13,NK010,North America,Wholesale,5,5,308.75,97.47,31,Male,Credit Card
NKORD00036,2023-03-08,NK010,North America,Retail,2,0,130.0,33.51,36,Other,UPI
NKORD00037,2023-12-25,NK006,Latin America,Retail,2,10,261.0,60.57,19,Male,Google Pay
NKORD00038,2025-03-24,NK008,Latin America,Wholesale,1,5,118.75,27.01,30,Male,Google Pay
NKORD00039,2025-05-08,NK010,Asia-Pacific,Outlet,1,5,61.75,19.74,33,Male,Credit Card
NKORD00040,2024-01-08,NK006,Europe,Online,3,0,435.0,119.7,35,Male,Apple Pay
NKORD00041,2023-08-31,NK002,Latin America,Online,3,10,364.5,110.85,27,Male,Apple Pay
NKORD00042,2025-06-14,NK004,Asia-Pacific,Wholesale,2,5,228.0,57.93,32,Male,Credit Card
NKORD00043,2023-09-29,NK002,Asia-Pacific,Online,4,20,432.0,113.31,31,Female,UPI
NKORD00044,2025-08-06,NK014,Europe,Outlet,2,20,184.0,45.24,38,Male,Debit Card
NKORD00045,2024-10-21,NK016,Asia-Pacific,Retail,4,0,160.0,47.53,22,Male,UPI
NKORD00046,2024-11-06,NK013,North America,Outlet,6,0,750.0,226.7,20,Male,Credit Card
NKORD00047,2023-08-24,NK001,Asia-Pacific,Online,1,5,109.25,31.72,29,Female,PayPal
NKORD00048,2024-12-28,NK001,Asia-Pacific,Retail,1,0,115.0,41.97,28,Male,Apple Pay
NKORD00049,2023-01-22,NK001,Europe,Outlet,3,0,345.0,101.95,23,Male,NetBanking
NKORD00050,2024-05-11,NK010,Europe,Retail,5,20,260.0,65.7,55,Female,Debit Card
NKORD00051,2023-12-02,NK017,Asia-Pacific,Retail,3,5,142.5,46.02,31,Male,UPI
NKORD00052,2024-09-14,NK020,Europe,Outlet,1,0,30.0,6.06,18,Female,UPI
NKORD00053,2025-04-14,NK006,Latin America,Retail,3,0,435.0,144.21,36,Male,Apple Pay
NKORD00054,2023-09-24,NK015,Latin America,Outlet,3,10,75.6,20.5,28,Female,Debit Card
NKORD00055,2023-01-30,NK002,Latin America,Online,2,5,256.5,98.85,31,Female,UPI
NKORD00056,2024-05-06,NK007,North America,Online,3,0,495.0,157.96,40,Female,NetBanking
NKORD00057,2024-01-11,NK015,Middle East & Africa,Outlet,1,40,16.8,2.77,37,Male,UPI
NKORD00058,2023-08-08,NK006,Asia-Pacific,Retail,1,10,130.5,46.61,25,Female,NetBanking
NKORD00059,2023-03-15,NK003,North America,Outlet,1,5,180.5,52.48,32,Female,Google Pay
NKORD00060,2023-02-05,NK017,Asia-Pacific,Online,2,5,95.0,22.37,43,Female,Credit Card
NKORD00061,2024-09-25,NK009,Latin America,Online,7,10,201.6,66.7,35,Male,PayPal
NKORD00062,2023-08-23,NK004,Asia-Pacific,Retail,5,5,570.0,174.86,28,Female,Credit Card
NKORD00063,2025-06-18,NK006,North America,Online,3,20,348.0,89.91,44,Female,Cash
NKORD00064,2024-07-10,NK016,Europe,Online,4,5,152.0,50.75,44,Male,Credit Card
NKORD00065,2024-01-28,NK002,North America,Retail,3,10,364.5,94.26,33,Female,Apple Pay
NKORD00066,2023-01-31,NK012,North America,Retail,2,0,60.0,19.53,32,Male,Credit Card
NKORD00067,2023-02-14,NK020,Middle East & Africa,Online,6,10,162.0,43.78,22,Male,NetBanking
NKORD00068,2023-06-03,NK004,Europe,Online,4,20,384.0,116.44,41,Male,Credit Card
NKORD00069,2024-06-12,NK012,Asia-Pacific,Retail,1,5,28.5,7.55,25,Male,UPI
NKORD00070,2023-01-26,NK001,Europe,Outlet,4,10,414.0,110.81,22,Female,UPI
NKORD00071,2024-02-10,NK011,Europe,Retail,1,0,155.0,42.38,42,Male,Cash
NKORD00072,2023-07-20,NK018,Europe,Wholesale,2,20,44.8,10.4,51,Male,Google Pay
NKORD00073,2025-04-07,NK008,Asia-Pacific,Retail,2,0,250.0,74.48,24,Male,Credit Card
NKORD00074,2023-09-15,NK003,Asia-Pacific,Online,1,40,114.0,21.17,28,Female,UPI
NKORD00075,2024-10-18,NK014,North America,Retail,3,10,310.5,107.27,18,Male,Credit Card
NKORD00076,2023-09-01,NK012,Middle East & Africa,Retail,2,0,60.0,20.19,30,Female,Debit Card
NKORD00077,2023-11-26,NK018,Europe,Retail,1,10,25.2,7.43,22,Male,PayPal
NKORD00078,2024-01-08,NK014,Europe,Outlet,3,0,345.0,90.01,30,Female,NetBanking
NKORD00079,2023-10-16,NK010,North America,Wholesale,3,0,195.0,44.02,18,Male,UPI
NKORD00080,2024-05-23,NK020,Middle East & Africa,Retail,3,5,85.5,20.02,23,Male,Credit Card
NKORD00081,2025-02-20,NK018,North America,Wholesale,5,0,140.0,39.61,39,Male,Google Pay
NKORD00082,2024-03-04,NK013,Asia-Pacific,Outlet,3,10,337.5,103.58,34,Female,Debit Card
NKORD00083,2023-12-22,NK015,Asia-Pacific,Retail,7,10,176.4,43.74,19,Female,Debit Card
NKORD00084,2024-11-02,NK020,Europe,Online,2,40,36.0,6.68,33,Male,Debit Card
NKORD00085,2024-08-06,NK004,Middle East & Africa,Wholesale,6,0,720.0,229.35,37,Male,PayPal
NKORD00086,2023-01-05,NK001,Europe,Outlet,1,10,103.5,29.75,33,Male,UPI
NKORD00087,2023-06-19,NK018,North America,Online,2,0,56.0,13.17,37,Other,Apple Pay
NKORD00088,2023-06-03,NK013,Asia-Pacific,Retail,3,0,375.0,126.85,27,Male,Apple Pay
NKORD00089,2023-04-05,NK011,Europe,Retail,3,5,441.75,160.16,34,Female,Google Pay
NKORD00090,2025-01-25,NK004,North America,Online,1,10,108.0,37.47,24,Female,Cash
NKORD00091,2023-03-21,NK013,Middle East & Africa,Online,5,20,500.0,111.44,44,Female,Credit Card
NKORD00092,2025-08-06,NK006,Asia-Pacific,Outlet,3,5,413.25,109.54,46,Male,UPI
NKORD00093,2024-02-06,NK016,Asia-Pacific,Online,1,40,24.0,4.74,25,Female,Credit Card
NKORD00094,2023-01-02,NK002,North America,Online,5,10,607.5,215.81,26,Female,UPI
NKORD00095,2025-03-18,NK012,North America,Wholesale,5,40,90.0,10.8,32,Male,Google Pay
NKORD00096,2024-11-02,NK012,Europe,Outlet,3,10,81.0,15.76,31,Male,Apple Pay
NKORD00097,2025-07-01,NK019,Middle East & Africa,Online,4,10,72.0,14.56,38,Male,Debit Card
NKORD00098,2025-05-16,NK014,Asia-Pacific,Wholesale,5,5,546.25,122.25,23,Female,UPI
NKORD00099,2024-09-22,NK011,North America,Online,6,5,883.5,205.96,26,Male,Credit Card
NKORD00100,2025-09-21,NK006,Europe,Retail,4,40,348.0,63.7,27,Female,Credit Card
NKORD00101,2023-06-12,NK019,Asia-Pacific,Online,1,5,19.0,4.05,19,Female,Credit Card
NKORD00102,2024-10-28,NK020,Latin America,Retail,1,10,27.0,5.4,34,Male,Credit Card
NKORD00103,2023-03-13,NK012,Europe,Online,1,10,27.0,7.62,36,Male,PayPal
NKORD00104,2023-08-31,NK010,Europe,Online,2,10,117.0,26.45,30,Female,Credit Card
NKORD00105,2025-04-28,NK017,Europe,Online,2,0,100.0,31.76,29,Other,Cash
NKORD00106,2024-09-04,NK005,North America,Online,2,20,272.0,55.09,47,Female,Google Pay
NKORD00107,2025-04-05,NK004,Latin America,Online,3,5,342.0,100.22,18,Female,Debit Card
NKORD00108,2025-08-07,NK009,North America,Retail,3,0,96.0,24.15,41,Other,UPI
NKORD00109,2023-02-25,NK010,Latin America,Outlet,2,10,117.0,31.18,38,Female,PayPal
NKORD00110,2024-03-05,NK004,Latin America,Outlet,6,5,684.0,231.77,37,Male,PayPal
NKORD00111,2025-03-17,NK004,Asia-Pacific,Retail,3,0,360.0,106.92,24,Male,NetBanking
NKORD00112,2024-07-09,NK013,North America,Outlet,1,10,112.5,24.93,31,Male,Apple Pay
NKORD00113,2024-08-04,NK007,Asia-Pacific,Online,5,5,783.75,244.82,18,Male,Cash
NKORD00114,2025-03-09,NK018,Latin America,Online,6,20,134.4,34.57,36,Male,UPI
NKORD00115,2024-01-29,NK017,Europe,Online,1,0,50.0,13.25,39,Female,Apple Pay
NKORD00116,2024-08-19,NK009,Asia-Pacific,Retail,3,0,96.0,31.45,34,Male,Credit Card
NKORD00117,2025-01-21,NK019,North America,Outlet,3,20,48.0,11.73,27,Male,UPI
NKORD00118,2024-07-07,NK009,Asia-Pacific,Online,1,10,28.8,8.88,34,Male,NetBanking
NKORD00119,2025-06-18,NK013,Asia-Pacific,Outlet,2,0,250.0,86.41,22,Male,Credit Card
NKORD00120,2024-08-08,NK002,Europe,Retail,1,10,121.5,32.8,36,Male,UPI
NKORD00121,2024-02-18,NK018,Asia-Pacific,Retail,1,5,26.6,7.98,30,Male,Credit Card
NKORD00122,2023-08-28,NK015,North America,Retail,3,10,75.6,24.42,36,Male,Debit Card
NKORD00123,2023-05-06,NK019,Asia-Pacific,Online,7,20,112.0,35.78,49,Male,PayPal
NKORD00124,2023-06-27,NK008,North America,Retail,1,0,125.0,48.64,32,Other,Apple Pay
NKORD00125,2023-07-25,NK001,Asia-Pacific,Online,2,10,207.0,51.36,38,Male,UPI
NKORD00126,2025-03-01,NK002,Europe,Retail,3,40,243.0,50.24,35,Male,Credit Card
NKORD00127,2023-09-09,NK006,Europe,Outlet,4,5,551.0,154.7,28,Male,Credit Card
NKORD00128,2025-04-27,NK003,Middle East & Africa,Online,1,10,171.0,52.19,38,Male,UPI
NKORD00129,2025-09-22,NK006,Europe,Outlet,4,10,522.0,149.41,18,Male,UPI
NKORD00130,2024-03-11,NK008,Asia-Pacific,Outlet,3,5,356.25,99.0,42,Male,Credit Card
NKORD00131,2024-11-13,NK018,Asia-Pacific,Wholesale,2,10,50.4,13.94,45,Male,Apple Pay
NKORD00132,2024-08-17,NK006,Middle East & Africa,Retail,3,10,391.5,137.71,28,Male,PayPal
NKORD00133,2023-08-16,NK020,Europe,Online,7,5,199.5,51.32,35,Female,Credit Card
NKORD00134,2025-09-27,NK019,Europe,Online,4,20,64.0,11.77,38,Female,Apple Pay
NKORD00135,2025-05-07,NK011,Latin America,Retail,2,5,294.5,92.08,47,Female,NetBanking
NKORD00136,2024-11-27,NK006,Europe,Retail,5,0,725.0,283.98,33,Male,UPI
NKORD00137,2025-08-28,NK006,Latin America,Retail,3,5,413.25,148.93,31,Male,PayPal
NKORD00138,2024-04-02,NK001,North America,Wholesale,3,10,310.5,88.75,26,Male,UPI
NKORD00139,2023-05-23,NK013,North America,Wholesale,4,10,450.0,93.85,32,Female,Cash
NKORD00140,2025-07-30,NK019,Middle East & Africa,Wholesale,2,10,36.0,8.75,31,Male,PayPal
NKORD00141,2025-03-27,NK016,Europe,Retail,4,5,152.0,31.82,42,Male,UPI
NKORD00142,2024-12-15,NK003,Asia-Pacific,Retail,1,20,152.0,38.78,27,Male,Debit Card
NKORD00143,2025-02-19,NK009,Latin America,Retail,2,0,64.0,20.32,25,Female,Debit Card
NKORD00144,2023-05-17,NK015,Middle East & Africa,Online,1,0,28.0,6.25,24,Female,UPI
NKORD00145,2025-04-24,NK001,Asia-Pacific,Online,2,10,207.0,51.42,37,Male,Credit Card
NKORD00146,2024-10-23,NK020,Latin America,Retail,2,20,48.0,8.63,45,Male,UPI
NKORD00147,2025-08-03,NK012,North America,Retail,4,10,108.0,35.39,25,Female,Google Pay
NKORD00148,2025-03-25,NK019,Europe,Retail,1,5,19.0,4.05,18,Female,Credit Card
NKORD00149,2023-03-24,NK012,North America,Retail,3,10,81.0,19.53,30,Male,UPI
NKORD00150,2025-08-29,NK007,Middle East & Africa,Retail,2,0,330.0,104.37,40,Male,Google Pay
NKORD00151,2024-10-24,NK001,Europe,Retail,6,5,655.5,195.54,22,Male,Apple Pay
NKORD00152,2023-08-14,NK019,Asia-Pacific,Online,4,10,72.0,16.2,29,Female,PayPal
NKORD00153,2024-07-10,NK012,Asia-Pacific,Online,3,5,85.5,23.29,34,Female,Google Pay
NKORD00154,2025-07-24,NK018,Asia-Pacific,Outlet,2,0,56.0,17.36,23,Male,UPI
NKORD00155,2025-04-24,NK013,North America,Online,3,20,300.0,69.06,22,Male,UPI
NKORD00156,2025-03-19,NK004,North America,Retail,2,10,216.0,56.8,31,Male,Apple Pay
NKORD00157,2023-12-24,NK011,Middle East & Africa,Online,4,10,558.0,156.51,20,Male,Apple Pay
NKORD00158,2025-04-12,NK015,Latin America,Outlet,1,0,28.0,6.33,19,Female,Cash
NKORD00159,2023-06-20,NK009,Asia-Pacific,Online,2,0,64.0,18.49,25,Female,UPI
NKORD00160,2023-09-19,NK019,North America,Outlet,1,0,20.0,4.96,36,Other,Apple Pay
NKORD00161,2024-04-27,NK001,Middle East & Africa,Online,2,20,184.0,46.19,21,Male,UPI
NKORD00162,2024-08-29,NK007,Asia-Pacific,Outlet,3,10,445.5,117.2,31,Female,Cash
NKORD00163,2023-01-28,NK017,Asia-Pacific,Outlet,3,5,142.5,46.04,36,Female,Cash
NKORD00164,2025-09-23,NK015,Europe,Retail,4,20,89.6,19.11,24,Female,Debit Card
NKORD00165,2024-04-18,NK020,Latin America,Retail,3,5,85.5,21.93,28,Male,Google Pay
NKORD00166,2024-05-10,NK013,Asia-Pacific,Retail,2,5,237.5,63.36,31,Male,Debit Card
NKORD00167,2024-09-08,NK006,North America,Outlet,4,5,551.0,141.7,27,Female,Debit Card
NKORD00168,2023-10-26,NK018,Europe,Retail,3,5,79.8,20.5,34,Male,Apple Pay
NKORD00169,2023-09-23,NK010,Asia-Pacific,Retail,6,10,351.0,92.64,40,Male,Credit Card
NKORD00170,2025-04-19,NK013,North America,Online,6,0,750.0,202.23,34,Female,Credit Card
NKORD00171,2024-04-28,NK005,Europe,Retail,6,10,918.0,300.37,18,Male,Credit Card
NKORD00172,2023-12-06,NK017,Europe,Online,3,10,135.0,42.75,27,Male,Credit Card
NKORD00173,2025-01-30,NK020,Asia-Pacific,Retail,2,5,57.0,17.79,29,Female,PayPal
NKORD00174,2025-05-28,NK004,Asia-Pacific,Retail,2,0,240.0,69.58,42,Male,Credit Card
NKORD00175,2025-03-10,NK017,Asia-Pacific,Retail,6,10,270.0,85.14,34,Female,Credit Card
NKORD00176,2024-02-04,NK019,Asia-Pacific,Online,2,20,32.0,5.41,44,Female,NetBanking
NKORD00177,2024-05-07,NK001,Europe,Online,2,10,207.0,58.47,27,Male,UPI
NKORD00178,2024-03-06,NK015,Middle East & Africa,Outlet,5,0,140.0,32.26,35,Female,Credit Card
NKORD00179,2024-05-23,NK001,Asia-Pacific,Online,1,10,103.5,23.96,42,Male,Google Pay
NKORD00180,2023-09-19,NK001,Latin America,Wholesale,5,5,546.25,180.32,38,Male,Cash
NKORD00181,2024-06-01,NK012,Europe,Retail,3,5,85.5,27.43,27,Female,PayPal
NKORD00182,2024-08-08,NK018,Asia-Pacific,Online,1,10,25.2,5.38,18,Female,Credit Card
NKORD00183,2025-01-23,NK020,Europe,Online,3,20,72.0,15.79,40,Female,NetBanking
NKORD00184,2024-08-20,NK016,Asia-Pacific,Online,3,5,114.0,28.79,41,Male,Google Pay
NKORD00185,2025-08-07,NK020,Asia-Pacific,Outlet,4,10,108.0,28.97,42,Female,UPI
NKORD00186,2024-04-20,NK008,Asia-Pacific,Online,4,5,475.0,146.86,38,Male,Credit Card
NKORD00187,2025-06-11,NK006,Europe,Outlet,2,0,290.0,99.28,18,Female,UPI
NKORD00188,2023-08-31,NK001,Asia-Pacific,Retail,6,40,414.0,74.42,32,Male,UPI
NKORD00189,2023-09-28,NK015,Europe,Online,2,10,50.4,14.93,31,Male,Credit Card
NKORD00190,2024-01-03,NK005,North America,Retail,5,10,765.0,204.07,18,Male,Google Pay
NKORD00191,2024-02-16,NK005,Latin America,Retail,2,5,323.0,93.04,27,Male,Credit Card
NKORD00192,2023-07-16,NK001,Middle East & Africa,Outlet,4,0,460.0,155.49,30,Female,Credit Card
NKORD00193,2023-02-09,NK006,Europe,Outlet,3,10,391.5,116.64,39,Male,PayPal
NKORD00194,2024-07-14,NK014,Middle East & Africa,Online,1,20,92.0,21.92,42,Female,NetBanking
NKORD00195,2025-05-31,NK018,Europe,Outlet,1,0,28.0,5.67,40,Female,Cash
NKORD00196,2023-03-13,NK002,Europe,Retail,2,5,256.5,92.33,41,Male,Google Pay
NKORD00197,2024-08-22,NK006,Europe,Wholesale,2,0,290.0,83.41,46,Female,Credit Card
NKORD00198,2023-07-25,NK013,North America,Online,7,5,831.25,200.04,28,Male,Credit Card
NKORD00199,2025-04-11,NK013,North America,Retail,1,20,100.0,24.28,32,Male,NetBanking
NKORD00200,2025-02-08,NK015,Asia-Pacific,Retail,3,20,67.2,12.27,29,Other,Debit Card
NKORD00201,2024-07-01,NK015,Asia-Pacific,Online,1,10,25.2,7.87,18,Female,NetBanking
NKORD00202,2025-08-17,NK013,North America,Retail,3,20,300.0,74.88,18,Male,Debit Card
NKORD00203,2025-03-06,NK010,Europe,Wholesale,2,5,123.5,29.6,27,Male,UPI
NKORD00204,2025-03-15,NK011,Asia-Pacific,Online,3,20,372.0,63.02,29,Male,Credit Card
NKORD00205,2023-07-17,NK005,Latin America,Retail,2,10,306.0,104.82,40,Female,UPI
NKORD00206,2024-09-14,NK003,Europe,Outlet,1,5,180.5,59.62,39,Female,UPI
NKORD00207,2023-06-18,NK003,Europe,Wholesale,1,5,180.5,54.23,31,Female,Credit Card
NKORD00208,2024-09-29,NK013,Asia-Pacific,Online,1,0,125.0,34.77,25,Female,Credit Card
NKORD00209,2024-09-30,NK020,Europe,Outlet,1,20,24.0,3.57,27,Male,Google Pay
NKORD00210,2025-05-30,NK005,Asia-Pacific,Retail,1,20,136.0,41.55,36,Female,NetBanking
NKORD00211,2023-12-14,NK011,Latin America,Outlet,3,5,441.75,131.28,20,Female,NetBanking
NKORD00212,2023-09-06,NK001,Latin America,Online,3,10,310.5,110.53,29,Female,Cash
NKORD00213,2024-02-17,NK006,Europe,Online,3,5,413.25,110.66,29,Female,UPI
NKORD00214,2025-09-04,NK019,Asia-Pacific,Wholesale,3,10,54.0,11.17,39,Male,Credit Card
NKORD00215,2023-04-07,NK002,North America,Outlet,7,20,756.0,219.47,23,Male,Debit Card
NKORD00216,2023-03-28,NK002,Latin America,Retail,2,0,270.0,104.47,32,Male,UPI
NKORD00217,2024-07-17,NK001,Europe,Retail,3,10,310.5,81.99,33,Female,Debit Card
NKORD00218,2025-09-28,NK006,North America,Wholesale,3,10,391.5,102.97,19,Female,Credit Card
NKORD00219,2025-02-02,NK016,Asia-Pacific,Online,1,10,36.0,9.5,20,Female,PayPal
NKORD00220,2023-06-30,NK018,Latin America,Outlet,2,5,53.2,14.7,47,Male,NetBanking
NKORD00221,2025-03-13,NK015,Europe,Retail,1,10,25.2,5.88,28,Male,PayPal
NKORD00222,2024-10-10,NK012,Europe,Retail,6,20,144.0,35.6,18,Male,UPI
NKORD00223,2025-06-13,NK015,Asia-Pacific,Online,1,5,26.6,6.75,18,Female,PayPal
NKORD00224,2023-10-13,NK002,North America,Retail,5,0,675.0,215.43,48,Male,Debit Card
NKORD00225,2023-01-04,NK005,Europe,Wholesale,3,5,484.5,125.56,50,Male,Credit Card
NKORD00226,2024-05-30,NK008,North America,Outlet,2,0,250.0,61.67,29,Male,UPI
NKORD00227,2024-06-19,NK001,Europe,Online,4,20,368.0,90.26,40,Female,Google Pay
NKORD00228,2024-11-08,NK015,Asia-Pacific,Online,3,0,84.0,21.87,39,Female,Credit Card
NKORD00229,2025-07-04,NK003,North America,Online,3,5,541.5,190.43,34,Female,NetBanking
NKORD00230,2024-08-03,NK009,Asia-Pacific,Retail,3,0,96.0,35.82,42,Female,Debit Card
NKORD00231,2023-03-22,NK015,Asia-Pacific,Online,2,10,50.4,16.52,31,Male,UPI
NKORD00232,2025-03-15,NK015,Middle East & Africa,Retail,3,10,75.6,14.04,19,Male,Credit Card
NKORD00233,2024-11-30,NK015,Asia-Pacific,Online,2,10,50.4,13.14,27,Male,PayPal
NKORD00234,2025-02-13,NK002,North America,Retail,3,5,384.75,107.94,34,Male,Cash
NKORD00235,2023-10-13,NK002,Europe,Wholesale,1,10,121.5,38.61,33,Other,Debit Card
NKORD00236,2023-11-23,NK018,North America,Retail,3,0,84.0,27.05,30,Female,Debit Card
NKORD00237,2025-07-08,NK019,Europe,Online,3,10,54.0,10.58,34,Female,Credit Card
NKORD00238,2023-03-16,NK015,Middle East & Africa,Wholesale,1,20,22.4,5.07,18,Male,Debit Card
NKORD00239,2024-09-01,NK001,Asia-Pacific,Online,3,0,345.0,123.69,34,Female,PayPal
NKORD00240,2025-05-13,NK019,Middle East & Africa,Retail,3,20,48.0,8.4,41,Female,Apple Pay
NKORD00241,2024-12-02,NK006,Asia-Pacific,Online,1,10,130.5,37.63,37,Male,Credit Card
NKORD00242,2024-09-30,NK020,Europe,Online,4,10,108.0,28.11,29,Female,Credit Card
NKORD00243,2023-11-25,NK012,North America,Online,1,10,27.0,7.97,18,Female,Credit Card
NKORD00244,2024-07-16,NK017,North America,Retail,3,10,135.0,27.41,20,Male,UPI
NKORD00245,2023-12-05,NK015,Asia-Pacific,Outlet,1,20,22.4,5.62,43,Female,UPI
NKORD00246,2023-05-08,NK014,Europe,Retail,5,10,517.5,167.27,32,Male,PayPal
NKORD00247,2023-10-26,NK004,North America,Retail,2,10,216.0,76.7,52,Female,Cash
NKORD00248,2023-04-12,NK002,Europe,Retail,5,10,607.5,173.17,36,Male,Credit Card
NKORD00249,2023-10-19,NK010,Latin America,Outlet,3,0,195.0,56.96,34,Male,Cash
NKORD00250,2023-12-18,NK019,Latin America,Wholesale,2,10,36.0,8.01,21,Female,Credit Card
NKORD00251,2023-09-09,NK019,North America,Outlet,2,0,40.0,8.15,27,Female,Google Pay
NKORD00252,2024-05-01,NK001,Europe,Retail,4,20,368.0,87.66,47,Male,UPI
NKORD00253,2023-03-05,NK006,Latin America,Online,3,20,348.0,93.47,36,Female,Credit Card
NKORD00254,2025-05-07,NK013,North America,Retail,2,0,250.0,69.69,43,Male,Google Pay
NKORD00255,2023-05-08,NK019,Asia-Pacific,Retail,3,5,57.0,12.98,43,Female,Credit Card
NKORD00256,2025-05-02,NK011,North America,Online,5,20,620.0,191.01,39,Female,Apple Pay
NKORD00257,2025-08-12,NK020,Europe,Retail,2,20,48.0,10.2,33,Female,Credit Card
NKORD00258,2023-03-20,NK003,Latin America,Online,3,10,513.0,147.79,33,Female,NetBanking
NKORD00259,2024-11-17,NK013,Latin America,Wholesale,5,10,562.5,106.55,36,Male,NetBanking
NKORD00260,2025-06-02,NK002,Middle East & Africa,Online,5,5,641.25,180.88,39,Male,Google Pay
NKORD00261,2025-03-10,NK001,Latin America,Online,1,0,115.0,30.62,28,Female,UPI
NKORD00262,2025-05-05,NK020,Latin America,Online,4,5,114.0,28.34,43,Male,UPI
NKORD00263,2024-04-03,NK006,Asia-Pacific,Online,1,20,116.0,33.34,44,Female,Debit Card
NKORD00264,2025-08-31,NK008,Asia-Pacific,Online,7,10,787.5,221.95,29,Female,UPI
NKORD00265,2024-06-14,NK013,Latin America,Online,7,10,787.5,268.74,18,Female,Cash
NKORD00266,2024-04-24,NK015,North America,Online,1,10,25.2,5.25,18,Male,Apple Pay
NKORD00267,2024-12-30,NK017,North America,Online,7,0,350.0,114.72,40,Female,UPI
NKORD00268,2023-01-27,NK004,Middle East & Africa,Outlet,6,20,576.0,128.7,33,Male,Credit Card
NKORD00269,2024-06-03,NK005,Europe,Retail,4,5,646.0,201.45,46,Female,UPI
NKORD00270,2023-08-11,NK006,Asia-Pacific,Retail,3,0,435.0,134.81,18,Female,Debit Card
NKORD00271,2024-06-09,NK012,Europe,Online,3,10,81.0,21.7,21,Male,Credit Card
NKORD00272,2024-12-15,NK015,North America,Online,1,0,28.0,8.13,34,Female,Credit Card
NKORD00273,2025-05-22,NK015,Europe,Online,2,20,44.8,8.91,18,Female,Credit Card
NKORD00274,2023-11-15,NK018,North America,Retail,1,10,25.2,7.48,28,Female,Cash
NKORD00275,2024-08-12,NK007,Latin America,Retail,3,5,470.25,131.55,35,Male,Google Pay
NKORD00276,2025-04-03,NK002,North America,Wholesale,2,0,270.0,81.39,20,Other,Credit Card
NKORD00277,2023-09-12,NK008,North America,Outlet,2,5,237.5,86.83,32,Female,Credit Card
NKORD00278,2024-06-26,NK015,Europe,Wholesale,4,20,89.6,23.1,36,Male,Apple Pay
NKORD00279,2024-01-23,NK004,Asia-Pacific,Online,2,5,228.0,72.3,39,Male,PayPal
NKORD00280,2024-12-24,NK015,North America,Retail,2,10,50.4,13.56,27,Female,PayPal
NKORD00281,2025-09-26,NK003,Latin America,Online,5,10,855.0,218.32,23,Male,Credit Card
NKORD00282,2025-07-21,NK003,Asia-Pacific,Outlet,1,5,180.5,43.91,24,Female,UPI
NKORD00283,2023-05-04,NK006,Europe,Online,3,5,413.25,121.01,44,Female,Debit Card
NKORD00284,2023-09-02,NK010,Asia-Pacific,Outlet,1,5,61.75,17.2,33,Male,UPI
NKORD00285,2023-04-18,NK002,Europe,Online,1,10,121.5,36.42,27,Male,Debit Card
NKORD00286,2024-11-23,NK009,Asia-Pacific,Retail,1,10,28.8,6.47,30,Male,Cash
NKORD00287,2023-04-03,NK003,Asia-Pacific,Wholesale,2,5,361.0,116.31,37,Other,Debit Card
NKORD00288,2023-09-03,NK003,Europe,Retail,1,20,152.0,39.83,36,Female,Apple Pay
NKORD00289,2024-08-03,NK004,Latin America,Retail,3,20,288.0,56.23,27,Male,NetBanking
NKORD00290,2024-04-30,NK002,Europe,Online,4,5,513.0,156.3,23,Female,Debit Card
NKORD00291,2023-10-09,NK001,Asia-Pacific,Retail,2,5,218.5,74.6,35,Female,Google Pay
NKORD00292,2024-10-01,NK020,Asia-Pacific,Retail,4,5,114.0,29.31,38,Male,Credit Card
NKORD00293,2025-05-20,NK006,Europe,Online,1,0,145.0,53.08,19,Female,NetBanking
NKORD00294,2025-06-04,NK018,Asia-Pacific,Online,6,20,134.4,40.31,28,Male,Apple Pay
NKORD00295,2023-07-28,NK017,Europe,Outlet,2,10,90.0,16.15,28,Female,Credit Card
NKORD00296,2023-04-21,NK019,North America,Wholesale,1,20,16.0,2.3,28,Female,Credit Card
NKORD00297,2023-08-08,NK004,North America,Online,1,0,120.0,32.01,32,Other,Credit Card
NKORD00298,2025-05-04,NK016,Asia-Pacific,Wholesale,1,0,40.0,11.09,22,Female,Debit Card
NKORD00299,2024-08-20,NK019,Middle East & Africa,Retail,6,0,120.0,26.74,25,Male,UPI
NKORD00300,2025-04-24,NK016,North America,Wholesale,1,5,38.0,10.52,22,Female,PayPal
NKORD00301,2025-05-13,NK005,Asia-Pacific,Online,3,5,484.5,143.92,35,Female,NetBanking
NKORD00302,2025-09-05,NK020,Latin America,Outlet,5,10,135.0,42.49,26,Male,Apple Pay
NKORD00303,2024-09-19,NK009,Asia-Pacific,Wholesale,3,0,96.0,29.6,26,Male,PayPal
NKORD00304,2025-07-07,NK001,North America,Online,3,20,276.0,68.04,34,Male,Google Pay
NKORD00305,2024-09-18,NK002,North America,Retail,5,5,641.25,212.72,18,Other,Credit Card
NKORD00306,2025-05-14,NK003,Latin America,Retail,1,5,180.5,65.15,29,Female,Cash
NKORD00307,2025-08-06,NK012,North America,Online,1,10,27.0,8.31,18,Male,NetBanking
NKORD00308,2023-08-30,NK005,North America,Outlet,1,10,153.0,48.88,18,Male,Credit Card
NKORD00309,2023-10-10,NK010,Europe,Online,6,10,351.0,85.02,32,Female,NetBanking
NKORD00310,2023-11-25,NK005,Asia-Pacific,Wholesale,6,5,969.0,323.65,41,Female,Debit Card
NKORD00311,2023-07-27,NK008,Asia-Pacific,Online,2,40,150.0,23.47,25,Male,Debit Card
NKORD00312,2023-10-21,NK015,North America,Online,3,10,75.6,22.96,57,Female,UPI
NKORD00313,2023-09-05,NK011,Latin America,Online,2,10,279.0,80.85,30,Female,Google Pay
NKORD00314,2025-03-26,NK019,Latin America,Online,1,0,20.0,6.0,33,Male,Debit Card
NKORD00315,2024-07-04,NK010,Asia-Pacific,Online,2,0,130.0,48.9,29,Male,Google Pay
NKORD00316,2023-10-06,NK019,Europe,Retail,1,5,19.0,4.11,30,Female,UPI
NKORD00317,2023-07-22,NK007,North America,Wholesale,2,20,264.0,58.57,18,Male,Credit Card
NKORD00318,2025-06-02,NK009,North America,Wholesale,5,10,144.0,32.07,23,Male,NetBanking
NKORD00319,2025-05-02,NK009,Europe,Retail,3,5,91.2,28.91,34,Female,PayPal
NKORD00320,2025-05-11,NK014,Europe,Wholesale,5,10,517.5,141.44,39,Female,Cash
NKORD00321,2024-03-18,NK003,Europe,Online,1,0,190.0,66.81,46,Male,Cash
NKORD00322,2025-06-13,NK012,Middle East & Africa,Retail,2,0,60.0,21.12,43,Male,PayPal
NKORD00323,2024-09-06,NK001,Middle East & Africa,Online,5,40,345.0,62.5,18,Female,UPI
NKORD00324,2024-02-29,NK015,Asia-Pacific,Wholesale,5,0,140.0,28.88,31,Female,PayPal
NKORD00325,2024-03-06,NK019,North America,Wholesale,4,10,72.0,11.2,33,Male,UPI
NKORD00326,2025-02-25,NK013,North America,Online,2,0,250.0,87.32,34,Female,NetBanking
NKORD00327,2023-08-24,NK002,Asia-Pacific,Online,6,20,648.0,212.12,21,Female,Apple Pay
NKORD00328,2023-09-02,NK008,Asia-Pacific,Online,4,5,475.0,119.78,41,Male,PayPal
NKORD00329,2024-09-01,NK015,North America,Wholesale,3,0,84.0,17.33,38,Male,Cash
NKORD00330,2023-11-12,NK013,North America,Wholesale,3,0,375.0,95.31,36,Female,Debit Card
NKORD00331,2025-08-09,NK002,Asia-Pacific,Online,1,0,135.0,51.91,20,Male,Credit Card
NKORD00332,2023-03-06,NK009,North America,Retail,1,10,28.8,7.97,39,Female,Google Pay
NKORD00333,2024-10-06,NK007,Latin America,Online,2,10,297.0,74.89,24,Female,PayPal
NKORD00334,2024-07-03,NK006,Asia-Pacific,Retail,1,0,145.0,55.91,35,Male,Credit Card
NKORD00335,2023-04-17,NK013,North America,Retail,3,5,356.25,98.72,39,Female,Credit Card
NKORD00336,2024-10-02,NK004,North America,Online,2,0,240.0,74.5,27,Female,Debit Card
NKORD00337,2025-04-27,NK015,Europe,Online,4,5,106.4,34.44,50,Female,Credit Card
NKORD00338,2023-09-20,NK002,Latin America,Online,1,5,128.25,43.8,40,Female,Credit Card
NKORD00339,2023-07-18,NK001,Asia-Pacific,Wholesale,3,5,327.75,74.99,42,Male,NetBanking
NKORD00340,2023-09-06,NK015,Europe,Retail,1,10,25.2,7.66,27,Female,Google Pay
NKORD00341,2023-07-11,NK001,North America,Online,3,5,327.75,79.54,45,Male,Cash
NKORD00342,2024-06-28,NK013,Asia-Pacific,Online,2,5,237.5,81.91,19,Male,Debit Card
NKORD00343,2025-03-26,NK019,Asia-Pacific,Online,4,0,80.0,26.37,31,Male,UPI
NKORD00344,2024-09-25,NK012,Middle East & Africa,Outlet,7,5,199.5,63.67,27,Male,Google Pay
NKORD00345,2024-10-06,NK009,Asia-Pacific,Online,4,5,121.6,38.52,28,Female,Google Pay
NKORD00346,2024-04-27,NK001,Europe,Retail,5,5,546.25,144.74,31,Male,Credit Card
NKORD00347,2024-06-21,NK002,Asia-Pacific,Online,1,10,121.5,36.08,47,Female,UPI
NKORD00348,2024-01-24,NK014,North America,Retail,2,5,218.5,78.18,18,Female,NetBanking
NKORD00349,2025-04-06,NK011,Asia-Pacific,Wholesale,3,10,418.5,134.11,34,Female,Credit Card
NKORD00350,2025-06-14,NK011,Asia-Pacific,Wholesale,4,40,372.0,57.86,18,Other,Credit Card
NKORD00351,2025-07-01,NK012,North America,Retail,3,10,81.0,24.02,40,Female,UPI
NKORD00352,2023-08-10,NK015,Europe,Retail,4,10,100.8,30.64,24,Male,Credit Card
NKORD00353,2025-06-23,NK004,Asia-Pacific,Retail,3,5,342.0,92.09,40,Male,UPI
NKORD00354,2024-04-23,NK002,North America,Retail,4,0,540.0,183.34,42,Male,UPI
NKORD00355,2025-07-18,NK004,Latin America,Online,3,20,288.0,67.72,37,Female,UPI
NKORD00356,2025-01-03,NK003,Europe,Online,1,5,180.5,64.35,52,Male,UPI
NKORD00357,2024-05-11,NK013,Europe,Online,6,10,675.0,227.16,37,Male,PayPal
NKORD00358,2024-11-07,NK001,Europe,Online,4,10,414.0,103.58,22,Female,UPI
NKORD00359,2023-03-07,NK013,Middle East & Africa,Retail,2,5,237.5,74.34,38,Male,Google Pay
NKORD00360,2023-12-29,NK016,Europe,Online,2,5,76.0,24.92,37,Female,Google Pay
NKORD00361,2023-09-22,NK008,Europe,Wholesale,5,10,562.5,130.03,21,Male,Credit Card
NKORD00362,2024-12-09,NK013,Middle East & Africa,Online,4,5,475.0,150.97,23,Male,Google Pay
NKORD00363,2023-11-12,NK019,Europe,Retail,1,10,18.0,4.82,37,Male,UPI
NKORD00364,2023-03-20,NK009,Latin America,Online,3,10,86.4,24.26,44,Male,Credit Card
NKORD00365,2023-04-21,NK006,North America,Online,4,0,580.0,186.22,33,Male,Credit Card
NKORD00366,2024-07-13,NK015,Latin America,Online,3,10,75.6,15.72,31,Other,Credit Card
NKORD00367,2025-09-30,NK018,Asia-Pacific,Online,1,0,28.0,9.08,35,Female,Debit Card
NKORD00368,2023-01-24,NK017,Latin America,Online,1,5,47.5,14.65,22,Male,Credit Card
NKORD00369,2024-10-25,NK005,Asia-Pacific,Retail,2,5,323.0,99.87,38,Male,UPI
NKORD00370,2024-07-10,NK004,North America,Outlet,3,10,324.0,103.66,38,Male,UPI
NKORD00371,2023-01-19,NK002,Europe,Online,4,20,432.0,119.74,29,Female,Debit Card
NKORD00372,2024-10-18,NK017,Europe,Retail,1,5,47.5,15.62,47,Male,PayPal
NKORD00373,2025-04-13,NK016,Europe,Online,1,5,38.0,12.18,28,Male,NetBanking
NKORD00374,2023-03-15,NK019,Europe,Outlet,3,5,57.0,14.33,32,Female,NetBanking
NKORD00375,2025-09-29,NK004,Middle East & Africa,Online,2,0,240.0,84.85,29,Male,Credit Card
NKORD00376,2024-12-12,NK017,Europe,Retail,1,20,40.0,6.81,39,Male,UPI
NKORD00377,2025-09-21,NK006,North America,Retail,1,20,116.0,29.48,32,Female,NetBanking
NKORD00378,2024-04-15,NK004,Latin America,Online,4,10,432.0,150.04,23,Male,PayPal
NKORD00379,2023-08-24,NK020,Latin America,Retail,2,10,54.0,15.59,27,Female,NetBanking
NKORD00380,2024-04-30,NK017,Asia-Pacific,Outlet,2,0,100.0,24.13,18,Male,Google Pay
NKORD00381,2024-11-14,NK001,Europe,Online,4,0,460.0,136.87,41,Female,NetBanking
NKORD00382,2024-09-07,NK017,North America,Retail,4,10,180.0,34.09,26,Other,Apple Pay
NKORD00383,2024-04-25,NK015,Europe,Retail,1,0,28.0,8.27,18,Female,UPI
NKORD00384,2023-03-08,NK002,North America,Retail,3,5,384.75,113.57,29,Male,Credit Card
NKORD00385,2024-05-08,NK009,Europe,Wholesale,2,0,64.0,14.86,44,Male,NetBanking
NKORD00386,2023-07-04,NK009,Asia-Pacific,Retail,2,5,60.8,21.12,28,Male,Debit Card
NKORD00387,2023-07-28,NK009,Asia-Pacific,Retail,2,10,57.6,15.23,23,Male,UPI
NKORD00388,2024-07-02,NK001,Europe,Online,2,10,207.0,62.37,26,Female,UPI
NKORD00389,2023-04-11,NK009,Asia-Pacific,Retail,1,0,32.0,10.48,33,Male,Credit Card
NKORD00390,2024-12-07,NK006,Middle East & Africa,Online,3,5,413.25,120.52,31,Female,Google Pay
NKORD00391,2024-03-26,NK019,Latin America,Online,4,20,64.0,19.9,38,Female,Debit Card
NKORD00392,2025-03-19,NK008,Latin America,Online,3,10,337.5,87.44,32,Female,UPI
NKORD00393,2023-07-16,NK012,Asia-Pacific,Outlet,5,10,135.0,43.96,18,Male,UPI
NKORD00394,2024-01-06,NK008,Latin America,Retail,3,20,300.0,76.29,40,Male,UPI
NKORD00395,2023-10-27,NK020,Middle East & Africa,Retail,3,0,90.0,31.32,33,Female,Cash
NKORD00396,2024-12-17,NK020,Europe,Outlet,2,5,57.0,12.98,18,Male,UPI
NKORD00397,2024-12-19,NK006,Latin America,Wholesale,3,20,348.0,72.73,32,Male,Credit Card
NKORD00398,2025-02-27,NK006,North America,Online,4,0,580.0,229.01,23,Female,Apple Pay
NKORD00399,2023-02-21,NK009,North America,Retail,3,0,96.0,26.66,23,Female,Debit Card
NKORD00400,2023-07-01,NK004,Asia-Pacific,Online,7,10,756.0,252.11,49,Male,Debit Card
NKORD00401,2024-04-25,NK003,Europe,Wholesale,6,0,1140.0,318.13,18,Female,Debit Card
NKORD00402,2024-04-24,NK002,Latin America,Online,2,5,256.5,67.99,47,Male,UPI
NKORD00403,2023-12-08,NK004,Asia-Pacific,Online,7,0,840.0,252.16,33,Male,UPI
NKORD00404,2023-01-24,NK008,Latin America,Wholesale,3,20,300.0,59.07,35,Female,PayPal
NKORD00405,2025-01-05,NK003,Europe,Outlet,2,0,380.0,105.52,23,Female,NetBanking
NKORD00406,2023-07-19,NK010,Latin America,Online,1,5,61.75,15.35,30,Female,UPI
NKORD00407,2023-06-06,NK016,Latin America,Online,1,0,40.0,12.32,41,Female,Credit Card
NKORD00408,2025-05-16,NK009,North America,Outlet,1,5,30.4,8.62,24,Female,Debit Card
NKORD00409,2024-12-28,NK012,Asia-Pacific,Online,3,20,72.0,15.01,23,Male,Credit Card
NKORD00410,2025-01-07,NK010,Asia-Pacific,Outlet,2,40,78.0,9.36,18,Male,UPI
NKORD00411,2025-08-24,NK018,Asia-Pacific,Outlet,1,0,28.0,8.75,43,Female,Credit Card
NKORD00412,2025-07-21,NK001,Asia-Pacific,Online,2,20,184.0,39.41,48,Male,UPI
NKORD00413,2024-11-19,NK014,North America,Online,2,10,207.0,57.72,28,Male,PayPal
NKORD00414,2023-05-17,NK001,Europe,Online,3,5,327.75,90.82,31,Female,PayPal
NKORD00415,2025-02-03,NK001,Middle East & Africa,Retail,3,0,345.0,108.9,23,Female,Debit Card
NKORD00416,2024-02-10,NK007,Europe,Online,2,0,330.0,88.42,18,Female,UPI
NKORD00417,2023-07-31,NK010,Latin America,Wholesale,1,5,61.75,13.83,25,Female,Debit Card
NKORD00418,2025-06-18,NK007,Latin America,Outlet,1,0,165.0,48.89,23,Female,Debit Card
NKORD00419,2023-12-27,NK013,North America,Online,2,20,200.0,51.23,18,Female,Credit Card
NKORD00420,2023-10-02,NK002,North America,Retail,3,5,384.75,121.23,35,Male,Credit Card
NKORD00421,2025-04-28,NK002,Asia-Pacific,Wholesale,1,5,128.25,34.52,24,Male,UPI
NKORD00422,2025-09-03,NK014,Europe,Outlet,1,20,92.0,26.42,22,Female,Debit Card
NKORD00423,2023-10-21,NK007,Latin America,Online,4,10,594.0,194.92,28,Female,Credit Card
NKORD00424,2024-07-10,NK010,Middle East & Africa,Online,3,40,117.0,21.11,33,Female,NetBanking
NKORD00425,2024-12-17,NK018,Europe,Online,3,5,79.8,19.49,37,Female,Google Pay
NKORD00426,2023-10-10,NK017,Latin America,Online,6,5,285.0,69.54,35,Female,Credit Card
NKORD00427,2025-01-13,NK020,Europe,Online,2,5,57.0,12.08,35,Male,Credit Card
NKORD00428,2024-06-24,NK004,North America,Online,2,10,216.0,51.85,35,Male,UPI
NKORD00429,2023-03-30,NK001,Middle East & Africa,Online,4,10,414.0,145.71,21,Male,Debit Card
NKORD00430,2024-06-14,NK011,Europe,Retail,6,10,837.0,249.85,40,Male,Debit Card
NKORD00431,2023-07-03,NK011,Asia-Pacific,Retail,1,0,155.0,42.36,20,Male,Credit Card
NKORD00432,2025-01-17,NK016,Asia-Pacific,Online,4,10,144.0,28.22,34,Male,Cash
NKORD00433,2023-06-03,NK019,Middle East & Africa,Online,4,0,80.0,23.0,24,Male,Debit Card
NKORD00434,2023-08-19,NK006,Asia-Pacific,Outlet,1,5,137.75,39.03,35,Male,Cash
NKORD00435,2025-07-30,NK003,Europe,Retail,1,0,190.0,66.04,30,Female,Debit Card
NKORD00436,2023-11-21,NK018,North America,Retail,5,20,112.0,31.48,43,Male,Debit Card
NKORD00437,2024-06-01,NK017,North America,Wholesale,3,0,150.0,39.88,20,Male,NetBanking
NKORD00438,2024-04-05,NK015,Asia-Pacific,Online,2,0,56.0,19.25,30,Male,NetBanking
NKORD00439,2024-09-05,NK020,North America,Online,3,10,81.0,23.28,30,Male,Credit Card
NKORD00440,2023-12-28,NK007,Europe,Retail,4,5,627.0,181.57,27,Male,Google Pay
NKORD00441,2024-09-01,NK020,Europe,Wholesale,2,0,60.0,14.87,23,Female,Credit Card
NKORD00442,2023-09-28,NK007,Asia-Pacific,Retail,1,10,148.5,42.95,31,Male,Debit Card
NKORD00443,2025-06-10,NK001,Europe,Online,1,10,103.5,24.53,38,Female,PayPal
NKORD00444,2023-07-02,NK014,Asia-Pacific,Retail,3,20,276.0,64.1,38,Male,Credit Card
NKORD00445,2024-11-15,NK013,North America,Wholesale,2,20,200.0,32.54,23,Male,Google Pay
NKORD00446,2023-01-05,NK013,Asia-Pacific,Retail,1,0,125.0,35.6,45,Female,NetBanking
NKORD00447,2024-01-21,NK018,Europe,Outlet,2,10,50.4,13.27,28,Female,Credit Card
NKORD00448,2025-06-18,NK013,North America,Outlet,2,10,225.0,48.3,26,Male,UPI
NKORD00449,2023-06-04,NK005,North America,Online,2,5,323.0,95.67,22,Female,NetBanking
NKORD00450,2023-12-11,NK002,Asia-Pacific,Online,2,10,243.0,71.04,42,Female,Credit Card
NKORD00451,2023-07-28,NK014,Asia-Pacific,Retail,2,20,184.0,48.5,39,Male,Credit Card
NKORD00452,2025-09-16,NK010,Asia-Pacific,Online,1,10,58.5,15.4,38,Male,Debit Card
NKORD00453,2023-06-28,NK009,Middle East & Africa,Wholesale,3,10,86.4,26.37,37,Female,Debit Card
NKORD00454,2025-08-17,NK004,Middle East & Africa,Online,1,10,108.0,37.43,40,Female,UPI
NKORD00455,2024-05-17,NK017,Asia-Pacific,Retail,1,5,47.5,10.25,36,Male,Apple Pay
NKORD00456,2023-03-11,NK012,Asia-Pacific,Wholesale,1,40,18.0,3.52,26,Female,NetBanking
NKORD00457,2023-07-19,NK008,Europe,Retail,2,10,225.0,56.17,31,Male,Google Pay
NKORD00458,2025-05-05,NK011,Middle East & Africa,Retail,3,20,372.0,81.14,40,Female,Debit Card
NKORD00459,2024-01-11,NK013,North America,Outlet,4,20,400.0,115.25,37,Male,Credit Card
NKORD00460,2024-03-06,NK009,Asia-Pacific,Online,4,10,115.2,25.21,44,Male,NetBanking
NKORD00461,2024-07-15,NK013,Latin America,Retail,2,5,237.5,63.8,26,Male,Credit Card
NKORD00462,2025-02-17,NK013,Asia-Pacific,Retail,6,20,600.0,125.26,28,Female,NetBanking
NKORD00463,2025-05-25,NK006,Europe,Online,5,5,688.75,175.48,18,Male,UPI
NKORD00464,2023-06-12,NK018,Asia-Pacific,Online,3,10,75.6,14.32,39,Other,Debit Card
NKORD00465,2024-10-05,NK004,North America,Outlet,6,20,576.0,178.28,34,Male,NetBanking
NKORD00466,2024-12-07,NK013,North America,Retail,1,5,118.75,33.62,23,Female,Debit Card
NKORD00467,2024-11-09,NK008,Middle East & Africa,Online,3,0,375.0,130.04,25,Other,PayPal
NKORD00468,2023-04-01,NK017,Asia-Pacific,Retail,6,10,270.0,63.1,36,Female,UPI
NKORD00469,2023-09-09,NK019,Asia-Pacific,Online,1,10,18.0,4.59,30,Male,PayPal
NKORD00470,2023-01-28,NK005,Europe,Retail,3,0,510.0,133.95,34,Male,UPI
NKORD00471,2025-08-21,NK016,Europe,Online,4,20,128.0,22.08,39,Male,PayPal
NKORD00472,2023-11-11,NK006,Europe,Wholesale,2,0,290.0,84.96,27,Other,Credit Card
NKORD00473,2024-01-26,NK005,Latin America,Online,6,40,612.0,133.95,25,Male,NetBanking
NKORD00474,2024-05-06,NK015,Asia-Pacific,Wholesale,2,0,56.0,14.15,38,Male,NetBanking
NKORD00475,2023-11-23,NK016,Latin America,Retail,2,20,64.0,15.48,34,Female,Credit Card
NKORD00476,2024-08-18,NK009,Middle East & Africa,Wholesale,2,10,57.6,12.95,33,Other,Credit Card
NKORD00477,2024-12-09,NK012,Asia-Pacific,Online,5,10,135.0,43.21,37,Female,Cash
NKORD00478,2023-04-28,NK016,Asia-Pacific,Outlet,1,0,40.0,8.62,27,Female,Credit Card
NKORD00479,2024-09-27,NK013,North America,Online,4,10,450.0,103.05,30,Female,Apple Pay
NKORD00480,2024-03-15,NK011,Asia-Pacific,Online,5,10,697.5,199.34,28,Female,Credit Card
NKORD00481,2024-04-29,NK007,Latin America,Wholesale,2,5,313.5,84.67,34,Male,UPI
NKORD00482,2024-08-21,NK002,Middle East & Africa,Online,1,10,121.5,35.99,18,Male,UPI
NKORD00483,2025-09-06,NK019,Middle East & Africa,Retail,2,0,40.0,11.36,39,Female,UPI
NKORD00484,2024-02-17,NK013,Latin America,Retail,2,20,200.0,58.0,21,Male,Credit Card
NKORD00485,2024-01-07,NK001,Europe,Online,4,5,437.0,113.04,27,Female,Cash
NKORD00486,2025-06-25,NK006,Europe,Wholesale,5,10,652.5,151.73,18,Female,PayPal
NKORD00487,2024-10-07,NK015,Europe,Online,2,10,50.4,11.18,55,Male,Google Pay
NKORD00488,2023-11-01,NK009,Latin America,Online,1,10,28.8,7.58,36,Other,Credit Card
NKORD00489,2023-10-02,NK012,North America,Outlet,3,0,90.0,20.69,36,Female,Google Pay
NKORD00490,2024-08-19,NK004,Asia-Pacific,Outlet,5,0,600.0,169.28,35,Female,Cash
NKORD00491,2023-03-14,NK005,Europe,Online,4,20,544.0,114.76,22,Male,Debit Card
NKORD00492,2025-06-25,NK016,Latin America,Outlet,3,10,108.0,20.2,24,Male,NetBanking
NKORD00493,2023-08-27,NK006,Europe,Online,7,40,609.0,117.08,34,Male,Google Pay
NKORD00494,2025-03-04,NK016,Latin America,Online,3,5,114.0,25.35,38,Female,Apple Pay
NKORD00495,2023-08-01,NK004,Asia-Pacific,Outlet,3,5,342.0,120.16,28,Male,Cash
NKORD00496,2024-04-02,NK006,Latin America,Outlet,2,40,174.0,44.2,34,Male,Credit Card
NKORD00497,2025-07-30,NK010,North America,Online,3,5,185.25,49.17,31,Female,NetBanking
NKORD00498,2024-12-19,NK009,North America,Wholesale,2,10,57.6,14.83,32,Female,UPI
NKORD00499,2023-10-12,NK012,North America,Retail,1,20,24.0,7.78,18,Male,Debit Card
NKORD00500,2024-09-10,NK015,Latin America,Retail,4,0,112.0,36.05,34,Male,Credit Card
NKORD00501,2025-04-13,NK014,Latin America,Retail,4,5,437.0,131.3,26,Female,NetBanking
NKORD00502,2024-07-01,NK015,Latin America,Online,2,40,33.6,6.22,34,Female,Credit Card
NKORD00503,2024-12-12,NK001,Europe,Outlet,1,5,109.25,39.77,24,Female,UPI
NKORD00504,2023-06-03,NK009,Europe,Retail,6,5,182.4,65.03,38,Female,Credit Card
NKORD00505,2023-10-24,NK001,Europe,Online,2,5,218.5,73.93,26,Male,Credit Card
NKORD00506,2024-12-04,NK001,North America,Wholesale,5,20,460.0,126.79,37,Male,Credit Card
NKORD00507,2025-04-25,NK004,Middle East & Africa,Outlet,2,5,228.0,77.56,45,Female,UPI
NKORD00508,2024-07-24,NK016,Asia-Pacific,Wholesale,4,20,128.0,20.04,23,Female,UPI
NKORD00509,2023-12-15,NK002,Latin America,Online,1,0,135.0,41.61,23,Male,Credit Card
NKORD00510,2023-12-25,NK001,Latin America,Wholesale,2,5,218.5,71.67,33,Female,Apple Pay
NKORD00511,2023-04-16,NK002,Europe,Online,2,10,243.0,54.18,23,Male,PayPal
NKORD00512,2023-09-30,NK002,Asia-Pacific,Wholesale,6,10,729.0,200.64,36,Male,Credit Card
NKORD00513,2024-11-18,NK016,North America,Wholesale,2,0,80.0,22.44,28,Male,Google Pay
NKORD00514,2024-05-23,NK005,Latin America,Retail,1,10,153.0,36.4,24,Male,Debit Card
NKORD00515,2024-01-20,NK001,Middle East & Africa,Outlet,4,10,414.0,118.16,49,Male,Google Pay
NKORD00516,2025-03-31,NK020,Middle East & Africa,Online,5,5,142.5,46.07,18,Female,UPI
NKORD00517,2024-12-03,NK016,Asia-Pacific,Online,6,10,216.0,52.84,28,Other,NetBanking
NKORD00518,2023-12-30,NK009,Europe,Retail,2,0,64.0,15.82,44,Female,Debit Card
NKORD00519,2025-01-30,NK007,Asia-Pacific,Online,2,0,330.0,88.06,30,Female,Debit Card
NKORD00520,2025-08-22,NK008,Asia-Pacific,Retail,2,0,250.0,68.05,25,Other,UPI
NKORD00521,2023-10-28,NK001,Middle East & Africa,Online,5,10,517.5,157.47,25,Male,Credit Card
NKORD00522,2024-12-03,NK005,Europe,Retail,2,10,306.0,85.71,39,Female,Credit Card
NKORD00523,2024-05-26,NK016,Asia-Pacific,Online,5,10,180.0,58.22,30,Male,Credit Card
NKORD00524,2025-07-19,NK019,North America,Retail,4,5,76.0,23.06,23,Male,Google Pay
NKORD00525,2023-02-09,NK002,Latin America,Retail,2,5,256.5,78.33,28,Female,UPI
NKORD00526,2023-06-20,NK019,Latin America,Retail,1,10,18.0,5.35,32,Female,Cash
NKORD00527,2023-03-01,NK002,Latin America,Outlet,4,5,513.0,124.8,31,Male,UPI
NKORD00528,2024-10-04,NK019,Middle East & Africa,Retail,4,0,80.0,24.55,20,Other,NetBanking
NKORD00529,2025-05-22,NK018,Asia-Pacific,Retail,3,5,79.8,27.07,36,Female,Cash
NKORD00530,2025-04-22,NK012,Asia-Pacific,Retail,2,10,54.0,17.62,29,Male,Credit Card
NKORD00531,2023-10-05,NK002,Asia-Pacific,Online,5,10,607.5,181.78,27,Male,Debit Card
NKORD00532,2024-03-06,NK008,Asia-Pacific,Wholesale,6,20,600.0,171.29,34,Male,NetBanking
NKORD00533,2023-09-17,NK007,Latin America,Online,2,10,297.0,84.08,20,Male,Cash
NKORD00534,2025-07-26,NK004,North America,Online,2,5,228.0,55.98,22,Female,Cash
NKORD00535,2024-05-15,NK019,Asia-Pacific,Retail,2,10,36.0,10.6,36,Male,Cash
NKORD00536,2023-11-23,NK019,Middle East & Africa,Retail,2,0,40.0,14.09,30,Female,Google Pay
NKORD00537,2025-01-03,NK012,Asia-Pacific,Retail,2,10,54.0,13.46,34,Female,UPI
NKORD00538,2025-01-11,NK012,Asia-Pacific,Retail,1,0,30.0,7.75,31,Male,Credit Card
NKORD00539,2023-01-16,NK003,Europe,Wholesale,2,10,342.0,103.38,25,Male,NetBanking
NKORD00540,2025-03-01,NK020,Asia-Pacific,Online,1,5,28.5,6.23,18,Female,UPI
NKORD00541,2024-05-11,NK018,North America,Retail,2,5,53.2,14.1,42,Male,NetBanking
NKORD00542,2023-01-03,NK018,North America,Outlet,1,0,28.0,7.34,41,Female,Google Pay
NKORD00543,2023-11-10,NK019,North America,Online,4,5,76.0,24.49,31,Female,Apple Pay
NKORD00544,2025-09-05,NK002,Europe,Outlet,3,5,384.75,135.08,18,Male,Google Pay
NKORD00545,2024-12-16,NK016,North America,Online,3,10,108.0,30.45,42,Male,NetBanking
NKORD00546,2023-06-11,NK001,North America,Wholesale,2,5,218.5,61.84,25,Female,Credit Card
NKORD00547,2024-03-15,NK006,Latin America,Retail,1,5,137.75,46.3,28,Female,UPI
NKORD00548,2025-06-08,NK014,Latin America,Online,1,5,109.25,36.56,30,Male,Credit Card
NKORD00549,2024-01-26,NK009,North America,Online,4,20,102.4,23.7,34,Male,Google Pay
NKORD00550,2024-04-13,NK006,Latin America,Wholesale,1,5,137.75,30.93,45,Female,Debit Card
NKORD00551,2023-01-02,NK008,Asia-Pacific,Online,2,20,200.0,59.3,24,Male,Cash
NKORD00552,2025-03-09,NK015,Asia-Pacific,Wholesale,2,0,56.0,15.85,28,Male,Debit Card
NKORD00553,2024-11-06,NK017,Europe,Retail,3,40,90.0,10.8,23,Female,PayPal
NKORD00554,2025-05-24,NK006,Latin America,Wholesale,4,5,551.0,175.65,32,Male,Apple Pay
NKORD00555,2023-10-01,NK004,North America,Outlet,6,5,684.0,224.01,22,Male,Credit Card
NKORD00556,2024-06-24,NK017,Middle East & Africa,Retail,2,10,90.0,28.37,35,Male,Debit Card
NKORD00557,2024-04-22,NK019,North America,Retail,3,20,48.0,9.38,34,Female,NetBanking
NKORD00558,2024-08-20,NK016,Europe,Outlet,3,5,114.0,26.61,23,Female,Google Pay
NKORD00559,2024-06-07,NK005,North America,Outlet,2,0,340.0,110.58,28,Male,Credit Card
NKORD00560,2025-03-26,NK020,North America,Online,1,5,28.5,6.29,41,Male,PayPal
NKORD00561,2023-08-16,NK006,Asia-Pacific,Outlet,6,0,870.0,271.66,34,Male,Credit Card
NKORD00562,2024-02-15,NK019,Asia-Pacific,Outlet,3,5,57.0,11.69,22,Female,Credit Card
NKORD00563,2025-06-21,NK020,Latin America,Online,6,20,144.0,44.64,45,Male,NetBanking
NKORD00564,2024-03-28,NK005,Latin America,Retail,2,10,306.0,81.7,43,Male,PayPal
NKORD00565,2024-03-16,NK015,Europe,Online,1,0,28.0,9.06,39,Female,Apple Pay
NKORD00566,2025-08-17,NK011,Europe,Online,1,20,124.0,27.54,29,Male,Debit Card
NKORD00567,2024-03-02,NK010,Europe,Online,2,40,78.0,18.49,26,Male,UPI
NKORD00568,2024-04-14,NK017,Europe,Outlet,7,20,280.0,57.43,25,Male,Credit Card
NKORD00569,2024-11-29,NK010,Asia-Pacific,Wholesale,5,20,260.0,67.54,31,Female,UPI
NKORD00570,2024-05-09,NK004,Middle East & Africa,Online,6,5,684.0,225.86,40,Male,Credit Card
NKORD00571,2025-07-04,NK017,Europe,Outlet,3,20,120.0,21.37,23,Male,Credit Card
NKORD00572,2025-01-04,NK003,Europe,Online,1,5,180.5,58.82,35,Female,Cash
NKORD00573,2023-06-19,NK020,Latin America,Online,5,0,150.0,47.04,28,Male,UPI
NKORD00574,2023-06-29,NK012,North America,Retail,5,0,150.0,50.8,21,Male,Google Pay
NKORD00575,2024-11-25,NK015,Latin America,Wholesale,6,5,159.6,47.48,41,Female,Google Pay
NKORD00576,2023-05-21,NK012,Europe,Online,4,5,114.0,27.17,18,Male,Credit Card
NKORD00577,2024-06-07,NK010,Asia-Pacific,Outlet,2,20,104.0,21.14,37,Male,NetBanking
NKORD00578,2024-04-21,NK001,Asia-Pacific,Wholesale,2,10,207.0,40.57,26,Female,Google Pay
NKORD00579,2023-10-11,NK001,Asia-Pacific,Wholesale,1,5,109.25,38.21,24,Male,UPI
NKORD00580,2025-02-09,NK015,North America,Retail,3,10,75.6,19.53,39,Female,Debit Card
NKORD00581,2024-03-01,NK012,Asia-Pacific,Online,3,10,81.0,19.79,31,Male,Cash
NKORD00582,2024-10-20,NK001,Latin America,Outlet,2,5,218.5,75.32,33,Female,UPI
NKORD00583,2025-05-15,NK020,Asia-Pacific,Retail,6,10,162.0,39.8,30,Female,Debit Card
NKORD00584,2023-06-08,NK012,Latin America,Retail,3,5,85.5,23.0,25,Male,Credit Card
NKORD00585,2024-08-15,NK010,North America,Online,2,10,117.0,26.64,18,Male,Debit Card
NKORD00586,2024-07-28,NK005,Asia-Pacific,Online,7,5,1130.5,317.01,37,Male,Debit Card
NKORD00587,2023-06-04,NK005,Asia-Pacific,Retail,4,0,680.0,226.51,26,Female,Credit Card
NKORD00588,2024-11-01,NK018,Latin America,Online,3,40,50.4,6.94,24,Male,PayPal
NKORD00589,2023-09-07,NK008,Latin America,Wholesale,3,5,356.25,102.54,35,Male,Apple Pay
NKORD00590,2024-10-02,NK009,Europe,Online,5,20,128.0,24.46,29,Female,Credit Card
NKORD00591,2023-12-15,NK002,Asia-Pacific,Wholesale,1,20,108.0,18.22,33,Female,PayPal
NKORD00592,2024-08-29,NK015,Middle East & Africa,Online,2,10,50.4,13.93,30,Male,Credit Card
NKORD00593,2024-02-23,NK015,North America,Retail,1,0,28.0,8.72,19,Female,UPI
NKORD00594,2023-12-25,NK010,North America,Retail,3,5,185.25,57.02,33,Male,UPI
NKORD00595,2023-09-01,NK002,Middle East & Africa,Retail,1,10,121.5,37.47,18,Other,Cash
NKORD00596,2024-12-06,NK018,Asia-Pacific,Retail,1,20,22.4,4.92,34,Female,PayPal
NKORD00597,2024-09-27,NK019,Europe,Online,1,10,18.0,5.96,26,Male,Debit Card
NKORD00598,2023-08-15,NK018,Middle East & Africa,Outlet,4,10,100.8,26.93,31,Male,Google Pay
NKORD00599,2025-03-13,NK001,Asia-Pacific,Online,1,0,115.0,37.48,29,Male,UPI
NKORD00600,2024-10-26,NK017,Asia-Pacific,Outlet,3,20,120.0,33.7,36,Female,UPI
NKORD00601,2025-03-11,NK003,Asia-Pacific,Online,7,10,1197.0,417.5,18,Female,Credit Card
NKORD00602,2024-07-09,NK012,Asia-Pacific,Online,4,10,108.0,24.75,39,Female,UPI
NKORD00603,2024-06-23,NK004,North America,Retail,1,5,114.0,38.77,23,Male,NetBanking
NKORD00604,2025-09-15,NK007,North America,Outlet,2,5,313.5,100.11,27,Male,PayPal
NKORD00605,2025-06-08,NK013,North America,Online,3,0,375.0,130.46,32,Female,PayPal
NKORD00606,2025-04-24,NK002,Latin America,Retail,3,0,405.0,121.77,38,Female,UPI
NKORD00607,2024-02-14,NK020,Middle East & Africa,Outlet,2,5,57.0,13.49,40,Male,Google Pay
NKORD00608,2025-06-04,NK006,North America,Wholesale,1,0,145.0,42.4,31,Male,PayPal
NKORD00609,2025-02-02,NK019,Asia-Pacific,Online,2,10,36.0,11.42,36,Male,PayPal
NKORD00610,2025-06-10,NK002,Middle East & Africa,Retail,2,20,216.0,72.19,20,Female,Credit Card
NKORD00611,2025-09-08,NK001,Middle East & Africa,Outlet,3,10,310.5,81.95,38,Female,Credit Card
NKORD00612,2023-08-13,NK012,Middle East & Africa,Online,2,5,57.0,16.65,29,Male,NetBanking
NKORD00613,2024-12-29,NK003,Asia-Pacific,Wholesale,4,5,722.0,193.3,34,Male,UPI
NKORD00614,2025-02-21,NK002,Europe,Online,6,10,729.0,213.56,24,Male,PayPal
NKORD00615,2023-12-20,NK018,Middle East & Africa,Outlet,3,5,79.8,16.29,31,Male,Credit Card
NKORD00616,2023-11-14,NK014,Latin America,Online,2,10,207.0,59.15,45,Female,Apple Pay
NKORD00617,2024-11-20,NK019,Europe,Outlet,2,10,36.0,10.48,21,Male,Credit Card
NKORD00618,2024-04-04,NK015,Europe,Online,1,5,26.6,9.07,22,Male,NetBanking
NKORD00619,2024-11-24,NK013,Asia-Pacific,Online,4,20,400.0,82.33,29,Female,PayPal
NKORD00620,2024-02-24,NK003,Europe,Online,1,20,152.0,47.76,26,Female,UPI
NKORD00621,2023-04-10,NK008,Latin America,Online,1,0,125.0,39.38,22,Male,Credit Card
NKORD00622,2024-06-17,NK014,Asia-Pacific,Retail,2,10,207.0,47.56,41,Female,Google Pay
NKORD00623,2023-09-03,NK016,North America,Online,3,5,114.0,23.69,38,Male,Debit Card
NKORD00624,2025-08-09,NK019,Asia-Pacific,Online,1,5,19.0,4.29,27,Female,Cash
NKORD00625,2025-05-13,NK007,Asia-Pacific,Retail,3,10,445.5,108.56,20,Male,Credit Card
NKORD00626,2023-12-14,NK003,Middle East & Africa,Outlet,3,0,570.0,179.06,28,Female,UPI
NKORD00627,2023-11-20,NK014,Europe,Wholesale,3,0,345.0,78.57,53,Male,PayPal
NKORD00628,2023-10-03,NK003,Asia-Pacific,Retail,1,20,152.0,33.31,34,Male,Cash
NKORD00629,2023-05-29,NK012,Asia-Pacific,Online,4,10,108.0,29.46,36,Male,Credit Card
NKORD00630,2024-11-01,NK004,Europe,Online,4,20,384.0,95.31,18,Female,UPI
NKORD00631,2025-05-20,NK015,North America,Outlet,3,0,84.0,27.68,18,Male,Credit Card
NKORD00632,2025-09-09,NK001,North America,Outlet,3,10,310.5,67.02,27,Female,UPI
NKORD00633,2025-07-16,NK007,Latin America,Online,2,5,313.5,112.07,43,Male,Debit Card
NKORD00634,2024-02-11,NK015,North America,Retail,6,10,151.2,49.57,18,Male,Credit Card
NKORD00635,2025-05-19,NK020,Latin America,Retail,1,10,27.0,8.81,33,Female,Debit Card
NKORD00636,2025-08-02,NK019,Asia-Pacific,Outlet,4,5,76.0,20.81,32,Female,UPI
NKORD00637,2023-12-19,NK017,Asia-Pacific,Retail,2,40,60.0,10.09,44,Female,UPI
NKORD00638,2023-08-06,NK001,North America,Retail,5,0,575.0,193.43,18,Female,Credit Card
NKORD00639,2025-04-07,NK014,North America,Online,3,20,276.0,72.26,18,Female,Credit Card
NKORD00640,2025-02-02,NK001,Europe,Wholesale,2,0,230.0,61.56,30,Female,NetBanking
NKORD00641,2024-01-14,NK012,Europe,Retail,3,10,81.0,20.67,51,Female,UPI
NKORD00642,2024-12-31,NK005,Middle East & Africa,Wholesale,6,5,969.0,237.44,31,Female,Credit Card
NKORD00643,2025-03-10,NK018,Latin America,Online,7,20,156.8,27.97,45,Male,Credit Card
NKORD00644,2023-10-03,NK007,Europe,Online,1,10,148.5,39.33,33,Male,PayPal
NKORD00645,2025-07-11,NK012,Asia-Pacific,Online,5,10,135.0,44.64,29,Female,Cash
NKORD00646,2025-02-23,NK018,Asia-Pacific,Outlet,2,0,56.0,19.0,21,Female,UPI
NKORD00647,2023-10-24,NK004,Middle East & Africa,Outlet,1,10,108.0,22.74,38,Male,Cash
NKORD00648,2025-02-02,NK004,Latin America,Retail,3,0,360.0,127.17,30,Female,PayPal
NKORD00649,2024-07-11,NK010,Asia-Pacific,Online,1,5,61.75,18.5,20,Other,Credit Card
NKORD00650,2023-03-08,NK015,Asia-Pacific,Retail,3,0,84.0,26.46,32,Male,PayPal
NKORD00651,2023-08-19,NK006,Latin America,Retail,2,5,275.5,98.28,18,Male,Google Pay
NKORD00652,2024-05-10,NK015,Middle East & Africa,Online,2,10,50.4,14.93,41,Male,Debit Card
NKORD00653,2023-05-22,NK001,Europe,Outlet,4,10,414.0,103.98,43,Male,Credit Card
NKORD00654,2023-12-20,NK004,Asia-Pacific,Online,1,5,114.0,28.48,43,Male,UPI
NKORD00655,2023-04-27,NK017,North America,Retail,5,20,200.0,58.92,23,Male,Credit Card
NKORD00656,2023-03-04,NK004,Asia-Pacific,Wholesale,3,5,342.0,117.83,31,Female,Credit Card
NKORD00657,2023-08-08,NK016,Latin America,Online,6,5,228.0,54.16,26,Male,UPI
NKORD00658,2024-10-10,NK004,Asia-Pacific,Retail,2,0,240.0,70.37,18,Female,Debit Card
NKORD00659,2023-02-08,NK008,Middle East & Africa,Retail,4,5,475.0,137.97,32,Female,Credit Card
NKORD00660,2024-12-25,NK015,North America,Online,5,10,126.0,25.65,35,Male,NetBanking
NKORD00661,2025-06-09,NK016,North America,Outlet,3,0,120.0,37.84,30,Female,Credit Card
NKORD00662,2024-04-04,NK006,Latin America,Online,3,20,348.0,92.33,33,Male,Debit Card
NKORD00663,2024-01-24,NK018,Europe,Retail,2,20,44.8,9.49,18,Female,Apple Pay
NKORD00664,2025-09-03,NK009,North America,Wholesale,1,40,19.2,3.4,24,Other,Credit Card
NKORD00665,2023-02-07,NK020,Europe,Outlet,1,10,27.0,7.35,25,Male,PayPal
NKORD00666,2023-07-05,NK002,North America,Retail,1,5,128.25,44.64,33,Female,Google Pay
NKORD00667,2025-09-13,NK013,Asia-Pacific,Retail,3,5,356.25,108.38,38,Female,Credit Card
NKORD00668,2023-08-15,NK006,Middle East & Africa,Wholesale,2,10,261.0,86.26,43,Male,Debit Card
NKORD00669,2025-04-04,NK004,North America,Outlet,1,0,120.0,37.01,37,Male,Debit Card
NKORD00670,2025-04-06,NK006,North America,Online,1,10,130.5,37.51,18,Male,UPI
NKORD00671,2025-07-18,NK016,Europe,Online,1,10,36.0,11.09,24,Female,Google Pay
NKORD00672,2024-05-31,NK004,Asia-Pacific,Online,3,0,360.0,104.5,40,Female,UPI
NKORD00673,2024-07-03,NK010,Asia-Pacific,Online,6,0,390.0,119.4,32,Male,Credit Card
NKORD00674,2024-05-05,NK001,Latin America,Online,3,10,310.5,112.77,29,Male,UPI
NKORD00675,2025-05-31,NK011,Latin America,Outlet,1,10,139.5,34.61,47,Female,Apple Pay
NKORD00676,2025-09-18,NK002,North America,Retail,6,0,810.0,221.09,39,Male,PayPal
NKORD00677,2024-11-08,NK019,Asia-Pacific,Online,1,20,16.0,2.72,47,Female,Credit Card
NKORD00678,2025-09-24,NK010,North America,Online,3,5,185.25,52.13,33,Male,NetBanking
NKORD00679,2025-07-09,NK015,Europe,Retail,5,20,112.0,31.42,41,Male,NetBanking
NKORD00680,2024-01-22,NK016,North America,Wholesale,1,10,36.0,5.71,34,Female,Credit Card
NKORD00681,2023-12-05,NK012,Asia-Pacific,Retail,1,20,24.0,4.92,28,Male,PayPal
NKORD00682,2023-12-11,NK005,Latin America,Online,3,10,459.0,141.92,31,Male,NetBanking
NKORD00683,2023-09-11,NK009,Europe,Online,3,5,91.2,33.34,35,Male,Credit Card
NKORD00684,2023-08-02,NK019,Asia-Pacific,Wholesale,4,20,64.0,13.64,28,Female,Debit Card
NKORD00685,2023-03-31,NK007,North America,Online,2,5,313.5,94.85,46,Male,Cash
NKORD00686,2023-10-30,NK015,Asia-Pacific,Online,2,0,56.0,18.33,28,Female,Credit Card
NKORD00687,2023-09-22,NK019,North America,Online,1,20,16.0,3.73,21,Female,Google Pay
NKORD00688,2024-10-18,NK005,Asia-Pacific,Online,3,5,484.5,132.44,40,Female,Google Pay
NKORD00689,2023-12-31,NK012,North America,Online,6,0,180.0,58.06,34,Female,PayPal
NKORD00690,2025-03-18,NK007,Latin America,Retail,1,5,156.75,58.59,36,Female,NetBanking
NKORD00691,2023-03-21,NK009,Europe,Online,3,5,91.2,28.3,18,Male,Cash
NKORD00692,2025-09-09,NK015,Latin America,Online,2,10,50.4,10.49,20,Male,NetBanking
NKORD00693,2025-04-03,NK010,North America,Retail,4,10,234.0,61.88,46,Male,NetBanking
NKORD00694,2024-08-11,NK001,Asia-Pacific,Online,7,5,764.75,184.72,18,Other,NetBanking
NKORD00695,2025-06-12,NK014,Latin America,Outlet,1,5,109.25,29.94,50,Male,Credit Card
NKORD00696,2024-12-09,NK018,Europe,Outlet,1,0,28.0,9.46,39,Male,Debit Card
NKORD00697,2024-10-06,NK018,North America,Online,2,5,53.2,17.38,45,Male,Credit Card
NKORD00698,2024-07-28,NK010,North America,Online,7,10,409.5,102.56,29,Female,Debit Card
NKORD00699,2023-03-08,NK020,Latin America,Retail,2,10,54.0,14.25,18,Other,Credit Card
NKORD00700,2024-02-05,NK004,Europe,Online,2,20,192.0,43.4,52,Female,Apple Pay
NKORD00701,2023-08-17,NK011,Asia-Pacific,Online,2,10,279.0,70.67,18,Male,Credit Card
NKORD00702,2024-03-23,NK008,Asia-Pacific,Online,1,0,125.0,41.76,43,Female,Credit Card
NKORD00703,2025-08-25,NK019,North America,Outlet,1,5,19.0,5.22,45,Male,Credit Card
NKORD00704,2025-05-18,NK007,Asia-Pacific,Online,2,10,297.0,106.73,36,Female,Cash
NKORD00705,2023-10-21,NK007,Asia-Pacific,Outlet,4,0,660.0,159.63,49,Female,Credit Card
NKORD00706,2024-02-19,NK009,North America,Online,2,5,60.8,17.34,36,Female,Google Pay
NKORD00707,2024-04-18,NK009,North America,Retail,2,0,64.0,15.79,29,Male,Google Pay
NKORD00708,2024-10-21,NK013,Asia-Pacific,Retail,2,0,250.0,73.2,28,Female,Cash
NKORD00709,2024-07-06,NK014,Middle East & Africa,Online,2,40,138.0,23.21,30,Female,Credit Card
NKORD00710,2024-04-06,NK006,Europe,Outlet,2,0,290.0,109.37,44,Female,PayPal
NKORD00711,2023-10-01,NK016,Europe,Retail,3,5,114.0,32.85,38,Female,Credit Card
NKORD00712,2023-11-27,NK015,Europe,Retail,2,40,33.6,6.18,42,Male,Apple Pay
NKORD00713,2025-03-27,NK020,North America,Online,3,0,90.0,26.55,29,Female,UPI
NKORD00714,2023-02-26,NK006,Latin America,Retail,5,20,580.0,140.69,33,Female,Credit Card
NKORD00715,2024-05-08,NK009,Europe,Online,6,10,172.8,57.77,28,Male,UPI
NKORD00716,2024-01-11,NK001,North America,Online,5,0,575.0,210.86,36,Female,Credit Card
NKORD00717,2023-06-20,NK018,Europe,Wholesale,2,0,56.0,12.93,29,Male,UPI
NKORD00718,2023-08-08,NK006,Middle East & Africa,Wholesale,6,20,696.0,177.74,37,Male,Credit Card
NKORD00719,2025-03-25,NK013,North America,Wholesale,1,5,118.75,30.58,33,Male,Credit Card
NKORD00720,2024-10-29,NK013,Europe,Online,2,0,250.0,68.65,38,Male,Credit Card
NKORD00721,2023-01-11,NK009,Asia-Pacific,Retail,2,10,57.6,19.43,36,Female,Cash
NKORD00722,2025-01-27,NK001,Europe,Retail,4,10,414.0,100.38,19,Male,Credit Card
NKORD00723,2023-03-14,NK016,Europe,Online,4,40,96.0,22.45,42,Male,Debit Card
NKORD00724,2024-12-10,NK005,Asia-Pacific,Retail,1,0,170.0,52.2,38,Male,Credit Card
NKORD00725,2023-11-06,NK001,Asia-Pacific,Online,1,40,69.0,11.88,21,Male,Credit Card
NKORD00726,2023-05-12,NK012,North America,Online,1,10,27.0,9.51,25,Female,UPI
NKORD00727,2024-09-25,NK020,Latin America,Online,3,10,81.0,19.79,33,Male,Credit Card
NKORD00728,2023-10-29,NK004,Asia-Pacific,Outlet,2,5,228.0,59.5,37,Female,Debit Card
NKORD00729,2023-02-17,NK019,Europe,Online,3,10,54.0,16.06,24,Female,Cash
NKORD00730,2025-04-02,NK015,Europe,Online,5,10,126.0,27.8,28,Male,Debit Card
NKORD00731,2025-01-03,NK009,Europe,Online,2,5,60.8,22.01,18,Male,Credit Card
NKORD00732,2025-06-10,NK017,Middle East & Africa,Wholesale,1,5,47.5,10.78,38,Female,Credit Card
NKORD00733,2025-04-27,NK014,Europe,Online,1,20,92.0,17.83,35,Male,UPI
NKORD00734,2025-02-05,NK002,North America,Retail,5,10,607.5,194.25,28,Other,Apple Pay
NKORD00735,2023-01-10,NK009,Asia-Pacific,Outlet,2,10,57.6,15.93,26,Male,NetBanking
NKORD00736,2023-06-26,NK015,Europe,Online,4,0,112.0,33.46,41,Female,UPI
NKORD00737,2024-02-27,NK012,Europe,Online,4,10,108.0,32.66,27,Male,Cash
NKORD00738,2024-07-27,NK004,Middle East & Africa,Retail,3,20,288.0,64.69,37,Male,NetBanking
NKORD00739,2023-04-01,NK005,Latin America,Retail,1,5,161.5,48.62,18,Female,Google Pay
NKORD00740,2025-05-26,NK011,Asia-Pacific,Online,2,5,294.5,89.45,25,Male,UPI
NKORD00741,2024-12-05,NK015,Europe,Wholesale,4,5,106.4,25.54,37,Female,UPI
NKORD00742,2023-11-21,NK010,North America,Online,1,40,39.0,9.84,22,Female,NetBanking
NKORD00743,2025-02-07,NK008,Middle East & Africa,Retail,1,5,118.75,39.06,48,Male,Apple Pay
NKORD00744,2023-02-08,NK017,Europe,Wholesale,2,5,95.0,25.18,24,Female,Apple Pay
NKORD00745,2024-10-27,NK020,Latin America,Outlet,6,10,162.0,43.44,21,Female,Credit Card
NKORD00746,2023-08-15,NK012,Latin America,Online,3,20,72.0,21.33,25,Male,Credit Card
NKORD00747,2023-03-23,NK009,Asia-Pacific,Outlet,1,0,32.0,8.88,37,Female,Credit Card
NKORD00748,2023-08-05,NK016,Middle East & Africa,Online,2,10,72.0,16.58,38,Female,Credit Card
NKORD00749,2024-02-03,NK011,North America,Online,1,5,147.25,43.41,23,Female,UPI
NKORD00750,2023-07-29,NK015,Latin America,Retail,5,5,133.0,42.3,62,Female,Debit Card
NKORD00751,2025-01-19,NK007,Europe,Retail,1,10,148.5,37.3,32,Female,Google Pay
NKORD00752,2025-04-25,NK016,North America,Outlet,1,20,32.0,9.07,25,Male,Debit Card
NKORD00753,2024-06-01,NK020,Latin America,Retail,2,5,57.0,17.02,36,Male,Credit Card
NKORD00754,2025-09-17,NK019,North America,Online,2,20,32.0,5.57,26,Female,Debit Card
NKORD00755,2025-06-07,NK004,North America,Retail,3,20,288.0,82.99,35,Male,Credit Card
NKORD00756,2024-06-21,NK001,Europe,Online,2,20,184.0,48.66,32,Male,Credit Card
NKORD00757,2024-04-30,NK009,North America,Online,2,20,51.2,10.54,29,Female,PayPal
NKORD00758,2023-04-18,NK002,Asia-Pacific,Retail,6,5,769.5,255.36,32,Female,Cash
NKORD00759,2024-08-24,NK002,Latin America,Online,3,20,324.0,104.25,36,Female,NetBanking
NKORD00760,2025-02-22,NK011,North America,Retail,1,0,155.0,45.0,18,Female,Debit Card
NKORD00761,2024-09-11,NK009,Europe,Retail,4,10,115.2,26.24,33,Male,Credit Card
NKORD00762,2023-05-21,NK010,Latin America,Outlet,4,5,247.0,73.3,25,Female,Google Pay
NKORD00763,2025-09-09,NK010,Latin America,Online,7,10,409.5,118.89,35,Male,UPI
NKORD00764,2025-05-15,NK003,Asia-Pacific,Retail,2,0,380.0,111.07,19,Male,Credit Card
NKORD00765,2024-03-13,NK006,Asia-Pacific,Retail,2,0,290.0,113.41,42,Male,NetBanking
NKORD00766,2023-02-25,NK007,North America,Online,4,10,594.0,214.87,35,Female,UPI
NKORD00767,2024-04-14,NK015,Latin America,Online,4,10,100.8,30.45,25,Female,Credit Card
NKORD00768,2024-04-08,NK014,Europe,Wholesale,2,0,230.0,57.59,39,Female,Apple Pay
NKORD00769,2024-05-06,NK002,North America,Retail,3,5,384.75,108.98,28,Other,UPI
NKORD00770,2023-09-02,NK009,Europe,Online,2,5,60.8,15.43,41,Female,Debit Card
NKORD00771,2025-08-14,NK005,North America,Online,5,40,510.0,110.49,23,Female,Google Pay
NKORD00772,2025-08-28,NK003,Europe,Online,3,20,456.0,149.15,31,Male,Debit Card
NKORD00773,2025-06-22,NK005,Asia-Pacific,Outlet,1,40,102.0,12.24,30,Male,PayPal
NKORD00774,2024-06-28,NK013,Asia-Pacific,Online,1,5,118.75,30.76,34,Female,Debit Card
NKORD00775,2024-10-06,NK009,Asia-Pacific,Online,3,0,96.0,27.62,18,Male,Credit Card
NKORD00776,2025-09-17,NK019,Latin America,Outlet,2,40,24.0,2.88,21,Male,PayPal
NKORD00777,2024-06-10,NK015,Europe,Wholesale,1,0,28.0,8.49,28,Male,Debit Card
NKORD00778,2024-10-11,NK013,Latin America,Online,4,0,500.0,167.02,36,Male,Cash
NKORD00779,2025-05-19,NK010,Asia-Pacific,Online,2,5,123.5,40.66,36,Female,Debit Card
NKORD00780,2024-11-15,NK014,Asia-Pacific,Retail,1,10,103.5,30.09,34,Male,Google Pay
NKORD00781,2023-12-08,NK002,Europe,Online,6,0,810.0,293.58,19,Female,UPI
NKORD00782,2023-02-16,NK008,Latin America,Outlet,7,10,787.5,176.49,23,Male,NetBanking
NKORD00783,2025-03-24,NK006,Latin America,Wholesale,4,0,580.0,188.59,38,Male,UPI
NKORD00784,2023-11-13,NK011,Middle East & Africa,Retail,1,20,124.0,35.54,24,Male,Google Pay
NKORD00785,2024-04-24,NK011,North America,Retail,4,5,589.0,215.8,22,Male,Cash
NKORD00786,2024-03-26,NK015,North America,Retail,1,0,28.0,8.31,19,Male,Apple Pay
NKORD00787,2024-06-22,NK001,Asia-Pacific,Retail,4,0,460.0,170.43,18,Male,Debit Card
NKORD00788,2023-12-09,NK006,North America,Outlet,1,0,145.0,35.03,20,Male,Google Pay
NKORD00789,2025-04-22,NK019,Europe,Retail,3,10,54.0,12.45,33,Female,Google Pay
NKORD00790,2024-01-27,NK002,Europe,Outlet,1,5,128.25,35.62,35,Male,UPI
NKORD00791,2023-02-15,NK001,Latin America,Online,1,20,92.0,20.44,46,Male,PayPal
NKORD00792,2024-03-24,NK017,Middle East & Africa,Online,2,40,60.0,8.3,31,Male,Credit Card
NKORD00793,2024-07-07,NK008,North America,Online,1,10,112.5,27.35,28,Male,Credit Card
NKORD00794,2025-08-15,NK014,North America,Retail,2,5,218.5,64.74,46,Male,Credit Card
NKORD00795,2024-10-06,NK007,Latin America,Outlet,4,20,528.0,140.97,24,Other,Cash
NKORD00796,2024-07-08,NK012,Europe,Online,3,10,81.0,25.67,39,Male,Apple Pay
NKORD00797,2023-11-30,NK007,Europe,Outlet,1,0,165.0,56.72,23,Male,Apple Pay
NKORD00798,2024-02-03,NK002,North America,Wholesale,7,5,897.75,262.68,26,Male,UPI
NKORD00799,2024-12-12,NK012,North America,Online,4,5,114.0,36.89,38,Female,PayPal
NKORD00800,2023-07-10,NK002,Latin America,Online,3,5,384.75,137.8,33,Male,NetBanking
NKORD00801,2023-10-19,NK012,North America,Retail,4,5,114.0,38.2,35,Male,Credit Card
NKORD00802,2023-04-13,NK016,Middle East & Africa,Online,2,10,72.0,22.37,22,Male,UPI
NKORD00803,2023-06-17,NK016,Asia-Pacific,Retail,1,5,38.0,10.12,20,Other,Cash
NKORD00804,2023-05-01,NK005,Europe,Wholesale,4,10,612.0,148.98,35,Female,Debit Card
NKORD00805,2024-06-28,NK020,Middle East & Africa,Online,2,0,60.0,21.18,35,Female,Credit Card
NKORD00806,2024-03-20,NK019,Asia-Pacific,Retail,4,0,80.0,18.75,27,Female,PayPal
NKORD00807,2023-07-12,NK001,Europe,Wholesale,4,20,368.0,61.05,36,Female,PayPal
NKORD00808,2025-08-27,NK005,Asia-Pacific,Online,1,5,161.5,58.84,46,Female,Credit Card
NKORD00809,2024-09-27,NK014,Middle East & Africa,Online,4,10,414.0,89.51,20,Other,NetBanking
NKORD00810,2024-06-13,NK005,Latin America,Outlet,1,40,102.0,28.72,24,Female,Credit Card
NKORD00811,2023-11-21,NK018,North America,Outlet,2,0,56.0,16.05,33,Male,Credit Card
NKORD00812,2023-10-09,NK014,North America,Retail,1,0,115.0,34.06,26,Male,Credit Card
NKORD00813,2024-10-10,NK016,Asia-Pacific,Online,4,10,144.0,40.96,24,Female,NetBanking
NKORD00814,2023-12-16,NK019,Europe,Retail,3,40,36.0,8.18,31,Male,Google Pay
NKORD00815,2024-08-18,NK016,North America,Outlet,6,5,228.0,49.01,29,Female,Debit Card
NKORD00816,2023-05-11,NK008,Latin America,Online,1,5,118.75,32.7,22,Male,UPI
NKORD00817,2023-05-31,NK015,Middle East & Africa,Online,1,5,26.6,5.61,32,Male,NetBanking
NKORD00818,2023-10-27,NK008,Asia-Pacific,Online,1,0,125.0,37.61,30,Male,Credit Card
NKORD00819,2025-07-15,NK004,Asia-Pacific,Online,2,5,228.0,86.37,34,Male,Google Pay
NKORD00820,2025-06-22,NK015,North America,Online,4,10,100.8,25.34,24,Female,Credit Card
NKORD00821,2025-08-01,NK004,Asia-Pacific,Online,3,0,360.0,118.44,38,Male,NetBanking
NKORD00822,2023-12-26,NK001,Asia-Pacific,Online,1,10,103.5,30.43,39,Female,Credit Card
NKORD00823,2025-02-27,NK007,Asia-Pacific,Outlet,2,10,297.0,77.76,31,Female,Credit Card
NKORD00824,2024-11-12,NK013,Middle East & Africa,Online,5,0,625.0,234.62,27,Female,Debit Card
NKORD00825,2025-03-16,NK010,Europe,Retail,2,0,130.0,43.28,22,Male,Apple Pay
NKORD00826,2023-07-31,NK002,Europe,Outlet,2,20,216.0,55.87,36,Female,Apple Pay
NKORD00827,2024-04-21,NK009,Asia-Pacific,Wholesale,4,20,102.4,24.83,32,Male,Debit Card
NKORD00828,2024-02-27,NK014,Asia-Pacific,Retail,5,10,517.5,166.28,23,Male,NetBanking
NKORD00829,2024-08-18,NK004,Europe,Outlet,1,10,108.0,36.2,27,Male,Google Pay
NKORD00830,2024-04-10,NK014,North America,Online,1,20,92.0,25.81,24,Male,UPI
NKORD00831,2025-08-23,NK018,Europe,Retail,1,10,25.2,7.93,40,Male,Apple Pay
NKORD00832,2023-01-29,NK009,Asia-Pacific,Retail,1,10,28.8,9.1,18,Male,Google Pay
NKORD00833,2024-09-26,NK002,North America,Retail,2,0,270.0,95.67,33,Female,Debit Card
NKORD00834,2023-06-30,NK017,Asia-Pacific,Retail,4,0,200.0,59.11,40,Female,Apple Pay
NKORD00835,2025-04-17,NK004,Middle East & Africa,Outlet,5,5,570.0,145.5,42,Female,Cash
NKORD00836,2023-06-15,NK004,North America,Outlet,5,0,600.0,218.7,18,Male,Cash
NKORD00837,2023-03-30,NK004,Middle East & Africa,Online,3,10,324.0,111.65,22,Female,Credit Card
NKORD00838,2023-07-17,NK007,Europe,Online,1,20,132.0,26.11,28,Male,Apple Pay
NKORD00839,2024-01-29,NK019,Asia-Pacific,Retail,2,5,38.0,11.73,36,Female,Debit Card
NKORD00840,2024-12-11,NK005,Asia-Pacific,Retail,7,20,952.0,199.28,35,Female,UPI
NKORD00841,2023-10-02,NK019,Asia-Pacific,Retail,2,0,40.0,14.11,29,Male,Credit Card
NKORD00842,2023-06-01,NK007,Asia-Pacific,Online,1,20,132.0,27.06,18,Female,Credit Card
NKORD00843,2023-11-10,NK007,Europe,Online,1,40,99.0,26.25,38,Female,PayPal
NKORD00844,2023-08-08,NK012,Asia-Pacific,Online,4,0,120.0,44.35,20,Female,Google Pay
NKORD00845,2024-12-28,NK004,Europe,Wholesale,1,20,96.0,21.77,18,Other,Cash
NKORD00846,2024-08-27,NK002,North America,Online,4,20,432.0,121.01,29,Female,Credit Card
NKORD00847,2024-07-20,NK013,Middle East & Africa,Outlet,1,5,118.75,33.02,35,Male,Debit Card
NKORD00848,2024-12-25,NK013,Middle East & Africa,Wholesale,2,0,250.0,78.99,30,Other,PayPal
NKORD00849,2025-03-27,NK013,Europe,Online,7,5,831.25,257.41,25,Male,Credit Card
NKORD00850,2023-07-26,NK014,Latin America,Online,3,10,310.5,94.83,37,Male,Credit Card
NKORD00851,2023-04-12,NK006,Asia-Pacific,Wholesale,2,10,261.0,56.59,27,Male,PayPal
NKORD00852,2024-11-20,NK013,North America,Online,1,0,125.0,39.31,28,Other,UPI
NKORD00853,2023-10-10,NK001,North America,Outlet,2,0,230.0,78.04,22,Male,Credit Card
NKORD00854,2025-01-27,NK008,Asia-Pacific,Online,3,10,337.5,110.79,29,Male,Debit Card
NKORD00855,2024-03-03,NK017,Asia-Pacific,Outlet,3,5,142.5,39.47,27,Female,Google Pay
NKORD00856,2025-09-20,NK005,Europe,Online,1,20,136.0,44.57,46,Male,Debit Card
NKORD00857,2023-12-11,NK008,North America,Online,5,0,625.0,217.09,27,Male,Debit Card
NKORD00858,2024-04-10,NK015,Europe,Retail,6,5,159.6,52.0,39,Male,UPI
NKORD00859,2024-09-01,NK013,Asia-Pacific,Online,4,0,500.0,140.88,37,Female,Credit Card
NKORD00860,2024-02-17,NK008,Asia-Pacific,Retail,3,10,337.5,98.24,28,Female,Credit Card
NKORD00861,2023-07-15,NK012,Europe,Retail,3,0,90.0,33.02,21,Female,Apple Pay
NKORD00862,2024-01-15,NK015,Middle East & Africa,Wholesale,2,20,44.8,10.44,27,Female,Credit Card
NKORD00863,2023-05-05,NK007,North America,Wholesale,1,5,156.75,48.53,28,Female,UPI
NKORD00864,2023-10-03,NK001,Asia-Pacific,Outlet,1,5,109.25,31.0,45,Female,Debit Card
NKORD00865,2024-04-28,NK007,Latin America,Wholesale,7,0,1155.0,350.54,40,Male,PayPal
NKORD00866,2024-08-17,NK011,North America,Outlet,3,10,418.5,104.01,29,Male,Cash
NKORD00867,2024-09-09,NK014,Asia-Pacific,Online,3,5,327.75,113.6,31,Other,Credit Card
NKORD00868,2023-12-21,NK008,Latin America,Wholesale,6,5,712.5,186.69,33,Male,Credit Card
NKORD00869,2024-09-17,NK016,Middle East & Africa,Outlet,4,10,144.0,25.38,30,Male,Credit Card
NKORD00870,2025-06-20,NK005,Asia-Pacific,Retail,5,10,765.0,174.13,41,Female,Debit Card
NKORD00871,2024-05-23,NK004,North America,Online,5,10,540.0,123.13,34,Male,UPI
NKORD00872,2024-03-10,NK008,Europe,Online,2,0,250.0,92.58,20,Male,Google Pay
NKORD00873,2025-03-11,NK009,Latin America,Outlet,3,5,91.2,27.7,42,Male,Apple Pay
NKORD00874,2025-07-29,NK005,North America,Outlet,6,5,969.0,225.48,39,Female,Credit Card
NKORD00875,2023-03-06,NK008,Latin America,Outlet,4,0,500.0,164.2,32,Female,NetBanking
NKORD00876,2023-05-30,NK006,Middle East & Africa,Online,1,10,130.5,35.04,36,Female,UPI
NKORD00877,2024-03-10,NK004,Middle East & Africa,Wholesale,5,0,600.0,167.17,22,Female,Google Pay
NKORD00878,2024-11-29,NK019,Europe,Wholesale,5,10,90.0,20.65,34,Other,Credit Card
NKORD00879,2024-10-12,NK016,North America,Online,3,20,96.0,22.17,41,Female,Credit Card
NKORD00880,2023-10-10,NK012,Asia-Pacific,Wholesale,5,5,142.5,30.53,37,Female,NetBanking
NKORD00881,2024-08-05,NK020,Europe,Retail,2,5,57.0,16.84,28,Female,Google Pay
NKORD00882,2023-09-18,NK007,Europe,Retail,2,5,313.5,101.52,30,Male,Credit Card
NKORD00883,2025-02-14,NK001,North America,Retail,2,10,207.0,71.5,29,Male,Credit Card
NKORD00884,2024-03-02,NK009,North America,Online,4,0,128.0,33.26,45,Male,Credit Card
NKORD00885,2025-03-21,NK019,Europe,Retail,4,10,72.0,16.97,35,Female,Apple Pay
NKORD00886,2025-05-16,NK002,Latin America,Retail,5,0,675.0,231.52,37,Male,Credit Card
NKORD00887,2024-01-05,NK004,Europe,Outlet,1,0,120.0,33.66,29,Female,PayPal
NKORD00888,2023-09-24,NK007,North America,Retail,6,0,990.0,308.07,32,Male,Credit Card
NKORD00889,2024-05-28,NK014,Europe,Retail,4,10,414.0,137.75,44,Female,Credit Card
NKORD00890,2023-08-04,NK017,North America,Retail,4,5,190.0,51.2,31,Male,Debit Card
NKORD00891,2024-03-10,NK008,North America,Online,3,5,356.25,94.88,34,Male,Cash
NKORD00892,2025-02-06,NK014,Europe,Retail,4,5,437.0,132.95,43,Female,Credit Card
NKORD00893,2023-11-17,NK012,Latin America,Online,2,10,54.0,17.86,30,Female,Credit Card
NKORD00894,2023-08-16,NK004,Europe,Online,2,5,228.0,71.84,33,Female,PayPal
NKORD00895,2024-06-08,NK011,Middle East & Africa,Wholesale,2,20,248.0,59.44,26,Male,Apple Pay
NKORD00896,2025-09-12,NK006,North America,Wholesale,3,0,435.0,117.11,18,Female,Credit Card
NKORD00897,2024-07-29,NK009,Latin America,Retail,2,0,64.0,17.12,23,Male,UPI
NKORD00898,2024-06-11,NK016,Middle East & Africa,Retail,6,0,240.0,57.78,34,Other,UPI
NKORD00899,2025-09-13,NK017,North America,Outlet,2,40,60.0,10.86,22,Female,NetBanking
NKORD00900,2025-02-10,NK014,Europe,Retail,3,0,345.0,124.55,40,Male,NetBanking
NKORD00901,2025-07-06,NK006,Europe,Online,3,5,413.25,126.31,40,Female,Debit Card
NKORD00902,2023-02-24,NK001,Asia-Pacific,Online,5,20,460.0,158.99,22,Female,PayPal
NKORD00903,2023-09-06,NK010,Europe,Online,5,5,308.75,78.18,18,Female,Credit Card
NKORD00904,2024-11-16,NK013,North America,Outlet,1,0,125.0,43.55,29,Male,UPI
NKORD00905,2024-12-13,NK004,Latin America,Online,2,10,216.0,71.18,41,Female,UPI
NKORD00906,2025-05-19,NK004,Asia-Pacific,Online,4,10,432.0,131.36,24,Male,NetBanking
NKORD00907,2025-03-31,NK010,Asia-Pacific,Retail,1,0,65.0,24.08,33,Male,PayPal
NKORD00908,2025-01-20,NK006,Asia-Pacific,Online,1,10,130.5,42.13,39,Male,Credit Card
NKORD00909,2023-10-12,NK019,Asia-Pacific,Retail,4,5,76.0,18.75,18,Female,Credit Card
NKORD00910,2025-06-27,NK009,Middle East & Africa,Retail,5,40,96.0,22.64,19,Male,Google Pay
NKORD00911,2024-06-28,NK002,Europe,Wholesale,1,10,121.5,31.02,53,Male,Credit Card
NKORD00912,2024-09-24,NK006,Europe,Online,3,0,435.0,138.83,28,Male,Credit Card
NKORD00913,2023-11-26,NK004,Middle East & Africa,Online,1,10,108.0,28.85,31,Female,PayPal
NKORD00914,2023-03-15,NK015,Europe,Retail,6,0,168.0,43.88,18,Female,PayPal
NKORD00915,2023-09-30,NK014,Europe,Outlet,3,20,276.0,62.91,39,Female,Cash
NKORD00916,2023-03-28,NK017,Middle East & Africa,Online,4,5,190.0,41.39,23,Male,Apple Pay
NKORD00917,2025-09-06,NK002,Latin America,Wholesale,3,40,243.0,29.16,19,Female,PayPal
NKORD00918,2025-09-10,NK020,Asia-Pacific,Online,4,0,120.0,38.4,37,Female,Credit Card
NKORD00919,2023-05-18,NK004,Asia-Pacific,Online,2,10,216.0,77.88,18,Female,Apple Pay
NKORD00920,2023-07-17,NK014,North America,Retail,2,40,138.0,25.55,37,Male,Google Pay
NKORD00921,2025-05-10,NK014,Middle East & Africa,Online,7,10,724.5,239.5,43,Male,UPI
NKORD00922,2025-08-31,NK006,North America,Outlet,5,5,688.75,174.15,18,Male,NetBanking
NKORD00923,2023-09-13,NK003,Middle East & Africa,Outlet,3,10,513.0,159.49,34,Male,Credit Card
NKORD00924,2024-10-24,NK007,Asia-Pacific,Online,1,5,156.75,55.93,47,Female,Credit Card
NKORD00925,2023-01-18,NK002,Europe,Retail,1,20,108.0,32.06,18,Female,Credit Card
NKORD00926,2024-03-01,NK020,Asia-Pacific,Online,1,10,27.0,8.16,25,Male,PayPal
NKORD00927,2024-06-16,NK002,Asia-Pacific,Retail,1,20,108.0,32.2,27,Male,Debit Card
NKORD00928,2023-02-05,NK004,Latin America,Retail,1,10,108.0,33.92,23,Male,Credit Card
NKORD00929,2024-06-19,NK001,Europe,Online,1,20,92.0,24.84,29,Male,Credit Card
NKORD00930,2023-12-08,NK004,Europe,Online,2,5,228.0,56.55,28,Male,NetBanking
NKORD00931,2025-03-05,NK018,North America,Retail,6,0,168.0,58.67,32,Female,PayPal
NKORD00932,2023-08-23,NK019,Asia-Pacific,Online,6,0,120.0,37.21,40,Male,Cash
NKORD00933,2024-01-19,NK001,Europe,Online,3,5,327.75,92.84,38,Male,Credit Card
NKORD00934,2023-10-19,NK003,Europe,Retail,6,5,1083.0,345.09,39,Female,Credit Card
NKORD00935,2023-07-24,NK003,Latin America,Retail,3,5,541.5,176.49,29,Male,Credit Card
NKORD00936,2024-10-06,NK004,Asia-Pacific,Retail,2,10,216.0,49.6,28,Male,UPI
NKORD00937,2023-07-04,NK006,Asia-Pacific,Online,1,20,116.0,25.52,26,Female,Debit Card
NKORD00938,2024-11-13,NK012,Latin America,Online,3,10,81.0,27.53,39,Female,Google Pay
NKORD00939,2024-03-04,NK002,Asia-Pacific,Retail,1,20,108.0,34.37,40,Male,Apple Pay
NKORD00940,2024-08-05,NK004,Latin America,Wholesale,3,20,288.0,82.58,48,Female,Credit Card
NKORD00941,2025-06-21,NK017,Middle East & Africa,Retail,5,0,250.0,89.38,31,Male,Credit Card
NKORD00942,2024-08-05,NK001,Europe,Wholesale,4,5,437.0,107.59,23,Female,PayPal
NKORD00943,2023-10-20,NK007,Asia-Pacific,Retail,2,0,330.0,100.24,29,Female,Google Pay
NKORD00944,2024-06-18,NK019,Middle East & Africa,Retail,3,10,54.0,10.43,24,Male,PayPal
NKORD00945,2023-06-08,NK018,Latin America,Online,1,5,26.6,5.8,47,Female,NetBanking
NKORD00946,2024-06-20,NK012,Asia-Pacific,Online,5,0,150.0,43.31,35,Other,Google Pay
NKORD00947,2024-08-20,NK019,Latin America,Retail,1,0,20.0,4.72,47,Female,Debit Card
NKORD00948,2024-06-30,NK012,North America,Wholesale,5,10,135.0,39.8,21,Other,NetBanking
NKORD00949,2024-12-09,NK017,Europe,Retail,5,0,250.0,61.45,26,Male,Credit Card
NKORD00950,2025-08-29,NK018,North America,Online,2,40,33.6,8.18,25,Female,Debit Card
NKORD00951,2023-05-18,NK019,North America,Online,2,20,32.0,8.93,38,Female,Credit Card
NKORD00952,2024-07-31,NK016,North America,Wholesale,3,0,120.0,24.77,34,Male,Credit Card
NKORD00953,2023-10-24,NK006,Asia-Pacific,Online,3,10,391.5,87.81,41,Male,UPI
NKORD00954,2023-01-27,NK003,Europe,Online,2,10,342.0,87.6,22,Male,UPI
NKORD00955,2024-04-30,NK006,Latin America,Retail,5,20,580.0,129.93,32,Female,Google Pay
NKORD00956,2023-07-23,NK009,Asia-Pacific,Wholesale,5,5,152.0,31.83,18,Female,UPI
NKORD00957,2023-09-17,NK018,Europe,Retail,7,5,186.2,58.73,41,Female,UPI
NKORD00958,2023-09-16,NK019,North America,Wholesale,1,10,18.0,3.79,41,Female,Debit Card
NKORD00959,2024-09-11,NK016,Asia-Pacific,Online,2,0,80.0,18.17,42,Male,Credit Card
NKORD00960,2025-09-04,NK012,North America,Online,2,20,48.0,8.85,32,Female,Google Pay
NKORD00961,2025-03-26,NK001,Middle East & Africa,Retail,2,0,230.0,86.45,39,Male,PayPal
NKORD00962,2025-05-03,NK002,Europe,Online,2,20,216.0,60.91,36,Male,UPI
NKORD00963,2024-06-26,NK002,Asia-Pacific,Online,4,10,486.0,152.66,34,Male,Google Pay
NKORD00964,2023-08-30,NK009,Middle East & Africa,Wholesale,3,0,96.0,31.84,38,Female,NetBanking
NKORD00965,2025-05-31,NK009,Europe,Retail,2,10,57.6,17.44,50,Female,Credit Card
NKORD00966,2023-01-05,NK014,Asia-Pacific,Online,1,5,109.25,26.87,24,Female,PayPal
NKORD00967,2025-06-02,NK019,Asia-Pacific,Retail,4,10,72.0,18.22,48,Female,Credit Card
NKORD00968,2024-02-15,NK010,North America,Wholesale,5,5,308.75,85.99,33,Male,NetBanking
NKORD00969,2025-01-11,NK016,Asia-Pacific,Outlet,6,10,216.0,61.36,22,Male,UPI
NKORD00970,2024-05-27,NK012,Middle East & Africa,Retail,2,10,54.0,15.89,29,Female,Google Pay
NKORD00971,2024-10-28,NK013,Asia-Pacific,Outlet,3,10,337.5,89.19,22,Female,UPI
NKORD00972,2023-04-13,NK013,Europe,Online,4,5,475.0,126.82,30,Female,NetBanking
NKORD00973,2023-08-09,NK005,Middle East & Africa,Wholesale,3,0,510.0,180.03,29,Male,UPI
NKORD00974,2025-06-15,NK015,Europe,Retail,6,20,134.4,31.12,50,Male,UPI
NKORD00975,2024-11-22,NK012,Asia-Pacific,Outlet,3,5,85.5,19.76,31,Female,UPI
NKORD00976,2023-05-13,NK014,Europe,Online,2,5,218.5,61.71,46,Male,Credit Card
NKORD00977,2023-12-27,NK017,North America,Online,1,5,47.5,10.6,21,Female,Credit Card
NKORD00978,2024-08-05,NK018,North America,Online,1,10,25.2,7.78,42,Female,UPI
NKORD00979,2023-04-05,NK011,Asia-Pacific,Retail,4,20,496.0,144.85,30,Male,UPI
NKORD00980,2024-08-29,NK018,Latin America,Outlet,1,10,25.2,5.21,22,Male,Google Pay
NKORD00981,2023-10-11,NK010,Asia-Pacific,Wholesale,1,20,52.0,11.66,19,Male,Debit Card
NKORD00982,2025-02-01,NK015,Europe,Outlet,5,5,133.0,41.6,32,Other,Credit Card
NKORD00983,2024-04-07,NK005,North America,Online,1,5,161.5,50.67,33,Male,Apple Pay
NKORD00984,2023-11-04,NK010,North America,Retail,3,5,185.25,45.95,45,Female,PayPal
NKORD00985,2024-09-15,NK012,Europe,Online,6,20,144.0,28.54,32,Male,Google Pay
NKORD00986,2024-02-27,NK019,Asia-Pacific,Outlet,6,20,96.0,14.55,34,Other,PayPal
NKORD00987,2024-11-26,NK004,Latin America,Online,3,5,342.0,106.18,49,Male,Cash
NKORD00988,2023-01-14,NK006,Middle East & Africa,Retail,5,5,688.75,191.83,41,Female,Credit Card
NKORD00989,2023-08-19,NK018,Asia-Pacific,Online,5,40,84.0,22.12,34,Male,UPI
NKORD00990,2025-04-05,NK018,Asia-Pacific,Outlet,1,5,26.6,8.47,29,Female,Cash
NKORD00991,2024-11-07,NK010,North America,Online,1,20,52.0,9.97,27,Female,PayPal
NKORD00992,2024-11-27,NK012,Latin America,Retail,4,0,120.0,35.83,43,Male,UPI
NKORD00993,2023-01-21,NK003,North America,Online,4,0,760.0,205.65,33,Female,Apple Pay
NKORD00994,2024-08-28,NK018,Europe,Online,3,5,79.8,17.46,18,Male,PayPal
NKORD00995,2025-07-09,NK004,Europe,Online,5,10,540.0,137.83,23,Male,Google Pay
NKORD00996,2023-03-25,NK003,Asia-Pacific,Wholesale,1,5,180.5,54.11,48,Male,Credit Card
NKORD00997,2023-06-06,NK019,Asia-Pacific,Outlet,4,5,76.0,17.3,31,Male,NetBanking
NKORD00998,2025-08-09,NK020,Asia-Pacific,Retail,7,20,168.0,43.45,18,Male,UPI
NKORD00999,2024-01-20,NK010,Latin America,Wholesale,1,10,58.5,16.14,34,Female,Apple Pay
NKORD01000,2023-11-08,NK008,Europe,Retail,6,0,750.0,297.78,26,Female,Google Pay
NKORD01001,2025-08-09,NK003,Asia-Pacific,Retail,3,10,513.0,164.25,32,Male,UPI
NKORD01002,2023-09-09,NK001,North America,Online,2,5,218.5,60.04,25,Other,PayPal
NKORD01003,2024-02-05,NK002,Europe,Online,3,10,364.5,132.84,29,Female,UPI
NKORD01004,2024-02-07,NK018,Middle East & Africa,Retail,3,20,67.2,18.99,28,Male,UPI
NKORD01005,2024-10-12,NK001,Europe,Online,6,5,655.5,169.15,36,Female,UPI
NKORD01006,2023-05-02,NK001,Europe,Outlet,4,20,368.0,108.47,30,Female,Credit Card
NKORD01007,2023-12-28,NK012,North America,Online,2,0,60.0,15.77,26,Male,Debit Card
NKORD01008,2024-08-04,NK010,Middle East & Africa,Outlet,4,5,247.0,60.84,29,Female,Credit Card
NKORD01009,2024-03-01,NK008,North America,Outlet,6,5,712.5,229.3,33,Male,Cash
NKORD01010,2024-04-26,NK009,Europe,Retail,3,5,91.2,25.33,27,Other,Debit Card
NKORD01011,2024-11-24,NK001,North America,Online,2,10,207.0,61.86,37,Female,Credit Card
NKORD01012,2023-08-07,NK004,Latin America,Online,3,0,360.0,106.47,21,Male,UPI
NKORD01013,2025-01-15,NK002,North America,Online,6,0,810.0,323.85,29,Male,UPI
NKORD01014,2024-01-24,NK003,Asia-Pacific,Outlet,1,5,180.5,41.71,34,Female,Credit Card
NKORD01015,2025-09-18,NK015,Asia-Pacific,Online,3,5,79.8,23.3,26,Other,NetBanking
NKORD01016,2025-03-21,NK008,North America,Retail,1,5,118.75,32.38,36,Male,Debit Card
NKORD01017,2024-09-27,NK016,Europe,Retail,1,10,36.0,8.28,31,Female,Credit Card
NKORD01018,2023-03-11,NK006,Asia-Pacific,Retail,3,10,391.5,89.53,25,Female,Debit Card
NKORD01019,2024-04-28,NK006,North America,Online,1,20,116.0,22.4,28,Male,NetBanking
NKORD01020,2024-11-18,NK009,Asia-Pacific,Outlet,3,10,86.4,19.96,18,Male,Apple Pay
NKORD01021,2025-06-23,NK015,Asia-Pacific,Outlet,1,5,26.6,7.23,26,Female,Credit Card
NKORD01022,2024-11-02,NK006,Middle East & Africa,Retail,2,0,290.0,82.13,37,Female,Debit Card
NKORD01023,2025-09-27,NK003,Asia-Pacific,Retail,1,20,152.0,45.44,40,Male,UPI
NKORD01024,2025-05-22,NK003,Europe,Retail,2,10,342.0,92.14,23,Male,UPI
NKORD01025,2024-07-03,NK007,Europe,Online,2,5,313.5,106.73,33,Male,UPI
NKORD01026,2023-04-30,NK004,North America,Online,5,0,600.0,238.35,18,Male,Apple Pay
NKORD01027,2023-06-07,NK008,Asia-Pacific,Online,4,0,500.0,147.73,37,Male,NetBanking
NKORD01028,2024-07-24,NK001,Europe,Retail,2,20,184.0,41.9,22,Male,NetBanking
NKORD01029,2023-01-05,NK001,Europe,Online,5,10,517.5,154.87,19,Female,Debit Card
NKORD01030,2025-02-16,NK010,Latin America,Online,3,10,175.5,45.4,32,Female,NetBanking
NKORD01031,2023-10-04,NK002,Middle East & Africa,Retail,5,5,641.25,190.5,32,Female,Debit Card
NKORD01032,2023-07-20,NK006,North America,Wholesale,3,10,391.5,77.89,41,Male,Google Pay
NKORD01033,2024-09-09,NK009,Middle East & Africa,Retail,2,5,60.8,15.76,39,Male,UPI
NKORD01034,2025-05-15,NK002,Middle East & Africa,Retail,3,5,384.75,100.4,33,Female,PayPal
NKORD01035,2025-02-10,NK004,Asia-Pacific,Retail,3,40,216.0,40.68,18,Female,Google Pay
NKORD01036,2024-11-14,NK013,Asia-Pacific,Retail,3,20,300.0,77.47,46,Male,NetBanking
NKORD01037,2025-03-25,NK006,North America,Outlet,3,5,413.25,100.07,38,Male,Debit Card
NKORD01038,2025-01-28,NK018,North America,Online,3,10,75.6,19.32,18,Male,Debit Card
NKORD01039,2024-07-23,NK019,North America,Online,2,20,32.0,6.24,37,Male,Google Pay
NKORD01040,2024-09-23,NK008,Asia-Pacific,Outlet,3,5,356.25,99.34,35,Male,Cash
NKORD01041,2024-12-25,NK012,Asia-Pacific,Online,3,10,81.0,23.79,29,Male,Credit Card
NKORD01042,2023-02-27,NK008,North America,Outlet,1,0,125.0,32.46,49,Male,UPI
NKORD01043,2025-07-19,NK018,Asia-Pacific,Wholesale,6,0,168.0,34.73,35,Male,Debit Card
NKORD01044,2024-11-08,NK012,Europe,Wholesale,3,5,85.5,24.26,35,Male,UPI
NKORD01045,2023-07-09,NK007,Latin America,Retail,1,40,99.0,11.99,41,Male,NetBanking
NKORD01046,2025-01-12,NK018,Middle East & Africa,Online,2,10,50.4,11.94,38,Female,Credit Card
NKORD01047,2024-07-07,NK016,Europe,Outlet,3,0,120.0,33.97,31,Female,UPI
NKORD01048,2023-03-02,NK014,North America,Retail,2,5,218.5,62.36,29,Female,UPI
NKORD01049,2025-03-09,NK016,Latin America,Retail,3,10,108.0,21.12,18,Male,Debit Card
NKORD01050,2025-07-18,NK009,North America,Retail,1,0,32.0,8.77,23,Female,Google Pay
NKORD01051,2023-11-05,NK008,Europe,Retail,4,10,450.0,152.6,35,Female,NetBanking
NKORD01052,2025-09-02,NK011,Latin America,Outlet,2,10,279.0,50.8,33,Male,Debit Card
NKORD01053,2024-12-20,NK005,Middle East & Africa,Retail,4,20,544.0,154.26,44,Female,NetBanking
NKORD01054,2024-03-04,NK006,Asia-Pacific,Retail,3,0,435.0,156.6,36,Male,NetBanking
NKORD01055,2023-12-24,NK001,Latin America,Retail,2,20,184.0,36.78,32,Male,Credit Card
NKORD01056,2023-10-28,NK014,North America,Online,5,0,575.0,180.48,24,Male,UPI
NKORD01057,2023-05-13,NK002,Asia-Pacific,Online,3,40,243.0,68.78,35,Male,Cash
NKORD01058,2025-03-02,NK007,North America,Wholesale,1,0,165.0,40.41,29,Male,Credit Card
NKORD01059,2024-02-26,NK011,Europe,Retail,3,10,418.5,146.07,29,Male,Credit Card
NKORD01060,2024-08-29,NK009,North America,Retail,4,5,121.6,42.26,32,Male,UPI
NKORD01061,2024-10-28,NK019,Europe,Online,6,0,120.0,26.44,21,Female,Google Pay
NKORD01062,2023-10-15,NK013,Middle East & Africa,Outlet,2,0,250.0,87.98,35,Female,NetBanking
NKORD01063,2024-09-01,NK016,North America,Wholesale,5,0,200.0,44.55,43,Female,Apple Pay
NKORD01064,2023-08-27,NK019,North America,Outlet,2,0,40.0,12.59,19,Male,Credit Card
NKORD01065,2023-02-13,NK017,Asia-Pacific,Retail,2,5,95.0,29.82,39,Female,UPI
NKORD01066,2024-09-22,NK006,Asia-Pacific,Online,3,40,261.0,54.72,21,Male,NetBanking
NKORD01067,2023-12-01,NK018,Europe,Retail,4,10,100.8,23.57,29,Male,Debit Card
NKORD01068,2023-10-05,NK012,Asia-Pacific,Wholesale,2,0,60.0,18.77,39,Male,Cash
NKORD01069,2025-02-24,NK019,Latin America,Online,3,10,54.0,12.63,27,Female,Google Pay
NKORD01070,2024-06-04,NK010,North America,Retail,4,10,234.0,60.19,52,Male,UPI
NKORD01071,2025-08-02,NK010,Europe,Retail,3,0,195.0,72.75,45,Other,UPI
NKORD01072,2024-08-21,NK012,Middle East & Africa,Retail,2,0,60.0,18.12,43,Female,UPI
NKORD01073,2023-05-23,NK015,Latin America,Online,1,0,28.0,9.08,31,Female,Credit Card
NKORD01074,2024-07-16,NK008,Asia-Pacific,Online,4,10,450.0,111.28,41,Male,NetBanking
NKORD01075,2023-04-18,NK012,Asia-Pacific,Retail,3,10,81.0,19.38,37,Female,PayPal
NKORD01076,2025-03-01,NK019,Europe,Online,3,5,57.0,17.19,18,Male,Google Pay
NKORD01077,2025-06-04,NK009,Asia-Pacific,Online,6,5,182.4,60.26,43,Female,PayPal
NKORD01078,2023-11-18,NK016,Europe,Wholesale,4,10,144.0,37.86,38,Male,Credit Card
NKORD01079,2023-07-15,NK009,Latin America,Wholesale,6,5,182.4,55.24,43,Female,UPI
NKORD01080,2025-09-07,NK015,Asia-Pacific,Retail,4,10,100.8,29.89,24,Female,Debit Card
NKORD01081,2023-06-14,NK010,Europe,Online,3,0,195.0,64.13,38,Male,PayPal
NKORD01082,2025-08-26,NK007,Asia-Pacific,Online,3,0,495.0,183.62,41,Male,Credit Card
NKORD01083,2025-03-23,NK012,Latin America,Online,1,10,27.0,7.29,43,Female,UPI
NKORD01084,2023-05-30,NK015,Asia-Pacific,Retail,3,10,75.6,15.65,35,Male,UPI
NKORD01085,2025-06-27,NK008,Asia-Pacific,Online,1,0,125.0,39.25,35,Male,Cash
NKORD01086,2025-03-12,NK010,Asia-Pacific,Online,1,10,58.5,14.23,34,Female,UPI
NKORD01087,2024-04-17,NK009,Middle East & Africa,Wholesale,5,10,144.0,37.38,31,Male,Debit Card
NKORD01088,2024-08-29,NK019,Middle East & Africa,Online,6,0,120.0,37.93,26,Male,Google Pay
NKORD01089,2025-09-30,NK011,Asia-Pacific,Online,1,40,93.0,16.52,20,Male,Debit Card
NKORD01090,2025-09-07,NK019,North America,Wholesale,1,10,18.0,4.39,38,Male,Credit Card
NKORD01091,2025-08-29,NK020,Asia-Pacific,Online,1,5,28.5,9.12,31,Male,UPI
NKORD01092,2024-07-11,NK015,North America,Online,5,5,133.0,27.87,32,Female,Debit Card
NKORD01093,2023-08-18,NK017,Middle East & Africa,Online,2,10,90.0,23.23,27,Male,Apple Pay
NKORD01094,2023-02-25,NK016,Europe,Retail,2,5,76.0,18.9,39,Female,Credit Card
NKORD01095,2024-11-28,NK002,North America,Online,4,5,513.0,176.0,27,Male,UPI
NKORD01096,2023-06-21,NK005,North America,Online,2,40,204.0,58.09,52,Male,NetBanking
NKORD01097,2023-05-01,NK007,Asia-Pacific,Online,2,20,264.0,74.29,40,Male,Debit Card
NKORD01098,2023-05-18,NK012,Latin America,Wholesale,5,0,150.0,44.29,37,Female,UPI
NKORD01099,2023-06-07,NK009,North America,Online,5,5,152.0,35.69,34,Female,UPI
NKORD01100,2024-02-24,NK006,Asia-Pacific,Outlet,5,5,688.75,247.14,28,Male,Credit Card
NKORD01101,2024-04-12,NK006,Asia-Pacific,Retail,2,5,275.5,101.8,23,Female,NetBanking
NKORD01102,2024-03-08,NK007,North America,Online,7,40,693.0,97.57,18,Female,UPI
NKORD01103,2024-05-24,NK004,Europe,Online,6,5,684.0,265.47,35,Female,PayPal
NKORD01104,2025-06-02,NK013,Middle East & Africa,Online,1,0,125.0,40.3,42,Male,UPI
NKORD01105,2023-08-17,NK013,North America,Retail,3,5,356.25,128.3,28,Female,Credit Card
NKORD01106,2025-09-25,NK007,Europe,Outlet,2,10,297.0,98.2,35,Other,Debit Card
NKORD01107,2024-08-11,NK013,Asia-Pacific,Online,2,20,200.0,44.71,38,Male,NetBanking
NKORD01108,2025-07-07,NK011,Middle East & Africa,Online,4,10,558.0,120.71,48,Female,NetBanking
NKORD01109,2023-04-06,NK014,Asia-Pacific,Retail,1,20,92.0,23.82,39,Male,Credit Card
NKORD01110,2024-12-14,NK001,Asia-Pacific,Online,3,5,327.75,93.21,19,Female,Debit Card
NKORD01111,2023-01-07,NK015,Middle East & Africa,Outlet,1,10,25.2,4.72,29,Female,UPI
NKORD01112,2025-02-15,NK018,Middle East & Africa,Retail,1,10,25.2,7.82,46,Female,Cash
NKORD01113,2024-09-02,NK004,Middle East & Africa,Retail,7,0,840.0,279.3,42,Male,Google Pay
NKORD01114,2023-12-17,NK008,Middle East & Africa,Retail,1,10,112.5,37.73,41,Male,Credit Card
NKORD01115,2025-05-10,NK004,North America,Retail,3,20,288.0,88.17,39,Male,UPI
NKORD01116,2025-02-08,NK012,Asia-Pacific,Online,2,0,60.0,19.49,20,Male,Credit Card
NKORD01117,2023-07-14,NK013,Asia-Pacific,Online,4,10,450.0,146.26,18,Female,Google Pay
NKORD01118,2023-12-28,NK004,Asia-Pacific,Online,2,0,240.0,78.91,18,Female,Apple Pay
NKORD01119,2025-03-29,NK015,Asia-Pacific,Outlet,2,5,53.2,16.53,23,Male,NetBanking
NKORD01120,2024-04-27,NK009,Europe,Online,1,20,25.6,5.36,27,Male,NetBanking
NKORD01121,2024-01-03,NK019,Middle East & Africa,Retail,4,0,80.0,26.81,20,Female,Debit Card
NKORD01122,2023-10-15,NK005,Europe,Online,2,0,340.0,93.58,33,Male,UPI
NKORD01123,2023-06-08,NK015,Asia-Pacific,Online,5,5,133.0,33.42,33,Female,UPI
NKORD01124,2023-05-11,NK015,Europe,Outlet,2,20,44.8,6.09,38,Male,Credit Card
NKORD01125,2025-05-20,NK009,Asia-Pacific,Wholesale,5,0,160.0,39.75,27,Female,Debit Card
NKORD01126,2024-10-02,NK019,Asia-Pacific,Online,2,10,36.0,10.74,34,Male,Credit Card
NKORD01127,2025-01-05,NK009,Middle East & Africa,Retail,1,5,30.4,8.21,39,Male,Apple Pay
NKORD01128,2023-10-26,NK020,Middle East & Africa,Online,1,0,30.0,9.08,20,Female,PayPal
NKORD01129,2023-12-21,NK017,North America,Wholesale,2,0,100.0,22.52,24,Female,PayPal
NKORD01130,2023-08-24,NK002,Europe,Retail,2,10,243.0,55.79,18,Male,Credit Card
NKORD01131,2024-04-09,NK006,North America,Wholesale,3,0,435.0,106.88,24,Female,NetBanking
NKORD01132,2025-07-03,NK020,Asia-Pacific,Retail,4,5,114.0,33.94,28,Female,Credit Card
NKORD01133,2023-10-31,NK012,North America,Online,4,0,120.0,37.87,18,Female,Credit Card
NKORD01134,2025-09-07,NK011,Latin America,Online,2,5,294.5,78.22,18,Male,UPI
NKORD01135,2025-05-01,NK019,Latin America,Wholesale,2,0,40.0,9.38,47,Male,Google Pay
NKORD01136,2024-10-21,NK015,North America,Online,4,5,106.4,35.94,18,Male,Debit Card
NKORD01137,2023-11-04,NK017,Europe,Outlet,1,0,50.0,13.52,38,Male,PayPal
NKORD01138,2023-08-15,NK001,Asia-Pacific,Retail,5,40,345.0,78.16,40,Male,Credit Card
NKORD01139,2024-02-02,NK013,North America,Outlet,6,20,600.0,159.07,22,Female,Debit Card
NKORD01140,2025-09-04,NK004,Asia-Pacific,Retail,2,20,192.0,51.63,28,Female,Credit Card
NKORD01141,2025-04-06,NK002,Europe,Retail,2,0,270.0,86.47,30,Female,Cash
NKORD01142,2023-05-04,NK019,North America,Retail,2,5,38.0,10.16,32,Male,Credit Card
NKORD01143,2025-01-07,NK005,North America,Outlet,3,0,510.0,146.72,18,Female,NetBanking
NKORD01144,2025-05-15,NK010,North America,Wholesale,5,0,325.0,81.69,32,Male,Apple Pay
NKORD01145,2023-02-28,NK002,Latin America,Retail,2,5,256.5,89.02,40,Male,Google Pay
NKORD01146,2025-07-07,NK006,Europe,Online,1,5,137.75,40.31,47,Other,Debit Card
NKORD01147,2025-05-13,NK004,Europe,Outlet,2,0,240.0,78.72,20,Female,NetBanking
NKORD01148,2024-05-01,NK002,Europe,Online,1,5,128.25,40.46,35,Male,Credit Card
NKORD01149,2024-07-26,NK014,North America,Online,2,0,230.0,82.72,23,Female,UPI
NKORD01150,2025-05-22,NK008,North America,Online,3,10,337.5,108.89,24,Female,Credit Card
NKORD01151,2023-09-28,NK020,Asia-Pacific,Outlet,2,5,57.0,14.5,24,Female,Debit Card
NKORD01152,2023-11-06,NK012,Europe,Outlet,4,10,108.0,27.2,18,Male,UPI
NKORD01153,2024-10-13,NK002,Asia-Pacific,Wholesale,2,5,256.5,55.91,30,Female,Debit Card
NKORD01154,2024-06-08,NK010,Asia-Pacific,Outlet,3,10,175.5,54.77,41,Female,NetBanking
NKORD01155,2023-12-03,NK014,Europe,Retail,5,20,460.0,114.89,35,Male,Credit Card
NKORD01156,2024-05-06,NK009,Asia-Pacific,Online,3,20,76.8,20.54,33,Female,Credit Card
NKORD01157,2025-09-03,NK004,North America,Online,1,20,96.0,28.28,35,Female,Credit Card
NKORD01158,2023-06-23,NK006,Europe,Retail,1,5,137.75,48.61,29,Female,Apple Pay
NKORD01159,2023-10-20,NK017,Europe,Wholesale,1,10,45.0,11.09,44,Male,UPI
NKORD01160,2024-04-29,NK001,North America,Online,1,0,115.0,34.98,18,Male,UPI
NKORD01161,2024-12-19,NK002,Middle East & Africa,Retail,1,5,128.25,37.66,36,Female,Debit Card
NKORD01162,2023-11-20,NK006,Europe,Retail,2,10,261.0,76.5,19,Other,Debit Card
NKORD01163,2025-08-10,NK007,Europe,Retail,2,0,330.0,116.16,30,Female,Debit Card
NKORD01164,2024-03-14,NK015,Europe,Online,4,10,100.8,22.78,29,Female,NetBanking
NKORD01165,2023-01-25,NK004,Europe,Retail,5,0,600.0,173.98,33,Female,Google Pay
NKORD01166,2023-02-28,NK005,North America,Online,6,0,1020.0,351.04,18,Male,Credit Card
NKORD01167,2024-02-10,NK008,Asia-Pacific,Retail,7,10,787.5,248.21,34,Female,Debit Card
NKORD01168,2024-02-27,NK002,North America,Retail,3,5,384.75,104.34,27,Male,Debit Card
NKORD01169,2023-05-12,NK016,Middle East & Africa,Retail,2,10,72.0,14.25,20,Female,PayPal
NKORD01170,2025-04-04,NK012,Asia-Pacific,Online,3,0,90.0,27.51,37,Male,Debit Card
NKORD01171,2025-08-21,NK005,Middle East & Africa,Retail,6,5,969.0,267.5,18,Male,UPI
NKORD01172,2025-09-17,NK005,Asia-Pacific,Online,1,5,161.5,45.13,28,Male,Apple Pay
NKORD01173,2024-12-20,NK008,North America,Outlet,2,10,225.0,55.34,18,Male,PayPal
NKORD01174,2024-09-28,NK006,North America,Online,5,10,652.5,173.0,25,Male,Google Pay
NKORD01175,2025-06-26,NK017,Asia-Pacific,Online,4,0,200.0,51.85,32,Female,PayPal
NKORD01176,2024-04-25,NK019,Asia-Pacific,Retail,2,5,38.0,9.84,32,Male,Debit Card
NKORD01177,2024-02-19,NK002,North America,Online,1,5,128.25,36.37,35,Male,Google Pay
NKORD01178,2023-07-13,NK003,Middle East & Africa,Online,4,20,608.0,166.71,32,Male,Debit Card
NKORD01179,2023-11-06,NK017,Asia-Pacific,Wholesale,5,10,225.0,55.91,28,Female,UPI
NKORD01180,2023-03-12,NK009,Asia-Pacific,Retail,1,5,30.4,10.23,18,Female,UPI
NKORD01181,2023-03-19,NK013,Middle East & Africa,Outlet,2,5,237.5,63.99,33,Male,UPI
NKORD01182,2023-11-07,NK005,Europe,Retail,4,10,612.0,214.21,28,Male,PayPal
NKORD01183,2025-03-19,NK020,Europe,Online,5,20,120.0,29.23,41,Male,Debit Card
NKORD01184,2023-06-13,NK016,Europe,Online,3,0,120.0,29.42,39,Male,Debit Card
NKORD01185,2023-04-01,NK006,Europe,Online,2,10,261.0,75.56,49,Male,Credit Card
NKORD01186,2024-07-18,NK012,Asia-Pacific,Wholesale,2,0,60.0,17.13,47,Male,Google Pay
NKORD01187,2023-03-25,NK012,Asia-Pacific,Retail,2,10,54.0,17.63,20,Female,NetBanking
NKORD01188,2024-11-16,NK020,Latin America,Online,5,10,135.0,41.93,35,Male,Google Pay
NKORD01189,2024-11-21,NK004,Asia-Pacific,Retail,5,0,600.0,205.17,36,Female,Debit Card
NKORD01190,2023-06-22,NK019,North America,Retail,7,20,112.0,23.59,18,Female,Debit Card
NKORD01191,2023-08-31,NK007,Middle East & Africa,Online,1,0,165.0,60.04,24,Male,UPI
NKORD01192,2024-01-28,NK015,Asia-Pacific,Retail,1,40,16.8,3.86,33,Female,UPI
NKORD01193,2024-12-31,NK006,Asia-Pacific,Outlet,1,10,130.5,35.5,31,Female,Debit Card
NKORD01194,2025-04-09,NK019,Europe,Outlet,1,0,20.0,4.35,39,Female,Debit Card
NKORD01195,2025-02-02,NK015,Asia-Pacific,Online,6,5,159.6,49.76,40,Male,Debit Card
NKORD01196,2024-12-16,NK020,Latin America,Retail,2,20,48.0,12.5,18,Male,Apple Pay
NKORD01197,2023-09-07,NK011,Asia-Pacific,Retail,6,40,558.0,88.69,35,Male,NetBanking
NKORD01198,2024-11-03,NK008,North America,Retail,2,5,237.5,89.09,18,Male,UPI
NKORD01199,2025-02-24,NK006,North America,Retail,3,0,435.0,172.24,27,Female,UPI
NKORD01200,2023-10-19,NK002,Middle East & Africa,Retail,4,0,540.0,186.58,21,Female,Credit Card
NKORD01201,2023-12-13,NK012,Asia-Pacific,Online,5,5,142.5,50.01,35,Male,UPI
NKORD01202,2024-10-01,NK017,Asia-Pacific,Online,2,20,80.0,16.78,29,Male,Debit Card
NKORD01203,2023-10-15,NK001,Europe,Online,4,0,460.0,175.61,47,Male,UPI
NKORD01204,2024-10-02,NK007,North America,Online,2,5,313.5,109.84,38,Female,Google Pay
NKORD01205,2025-09-29,NK019,Europe,Online,1,10,18.0,4.88,37,Female,UPI
NKORD01206,2025-01-31,NK006,North America,Online,4,10,522.0,187.26,38,Male,Debit Card
NKORD01207,2023-01-21,NK013,Middle East & Africa,Wholesale,6,5,712.5,156.9,37,Female,Debit Card
NKORD01208,2023-04-03,NK002,Latin America,Online,4,20,432.0,144.15,21,Female,PayPal
NKORD01209,2023-06-08,NK002,Latin America,Retail,2,5,256.5,64.74,30,Male,UPI
NKORD01210,2024-08-26,NK014,North America,Online,3,40,207.0,47.03,38,Male,Apple Pay
NKORD01211,2023-05-01,NK020,Asia-Pacific,Online,1,10,27.0,8.09,18,Male,Debit Card
NKORD01212,2023-09-01,NK017,Latin America,Retail,1,5,47.5,11.67,41,Male,Apple Pay
NKORD01213,2024-11-25,NK019,Latin America,Outlet,3,5,57.0,12.29,18,Male,Google Pay
NKORD01214,2024-06-29,NK007,Europe,Retail,2,0,330.0,113.94,25,Male,Credit Card
NKORD01215,2024-06-03,NK012,Asia-Pacific,Online,4,20,96.0,23.14,21,Male,Apple Pay
NKORD01216,2025-03-05,NK011,Asia-Pacific,Retail,3,5,441.75,129.21,27,Other,Debit Card
NKORD01217,2024-08-16,NK015,Asia-Pacific,Retail,2,10,50.4,16.34,18,Other,NetBanking
NKORD01218,2023-01-15,NK001,Europe,Wholesale,2,10,207.0,47.2,44,Male,NetBanking
NKORD01219,2024-12-10,NK010,North America,Outlet,2,10,117.0,26.49,24,Other,Google Pay
NKORD01220,2023-12-30,NK018,North America,Retail,3,5,79.8,23.06,36,Female,Credit Card
NKORD01221,2024-04-14,NK012,Europe,Online,5,20,120.0,25.85,39,Female,NetBanking
NKORD01222,2023-03-10,NK001,Asia-Pacific,Retail,1,5,109.25,37.08,35,Female,Debit Card
NKORD01223,2024-06-29,NK016,North America,Retail,2,5,76.0,17.95,27,Male,NetBanking
NKORD01224,2023-06-21,NK006,Asia-Pacific,Online,2,5,275.5,103.64,31,Female,Credit Card
NKORD01225,2025-04-16,NK010,Europe,Wholesale,4,5,247.0,66.75,26,Male,NetBanking
NKORD01226,2024-04-13,NK004,Latin America,Retail,4,5,456.0,115.71,28,Male,UPI
NKORD01227,2025-06-10,NK011,North America,Retail,2,0,310.0,107.16,20,Male,PayPal
NKORD01228,2023-10-19,NK013,North America,Online,6,5,712.5,223.66,36,Female,Credit Card
NKORD01229,2024-10-15,NK004,Asia-Pacific,Online,3,10,324.0,114.41,30,Female,PayPal
NKORD01230,2024-03-26,NK015,Europe,Online,7,40,117.6,29.4,18,Male,Debit Card
NKORD01231,2023-09-18,NK004,North America,Retail,3,10,324.0,74.12,20,Male,Credit Card
NKORD01232,2023-05-25,NK020,North America,Online,4,5,114.0,36.55,20,Female,Debit Card
NKORD01233,2024-05-19,NK015,North America,Online,5,10,126.0,28.88,34,Male,NetBanking
NKORD01234,2025-01-14,NK015,Europe,Retail,2,5,53.2,16.13,37,Female,Apple Pay
NKORD01235,2025-07-02,NK017,Europe,Online,2,10,90.0,19.99,29,Male,PayPal
NKORD01236,2024-07-17,NK016,Asia-Pacific,Outlet,6,0,240.0,60.19,26,Female,Credit Card
NKORD01237,2023-06-29,NK011,Europe,Online,3,0,465.0,173.46,25,Male,Credit Card
NKORD01238,2025-05-25,NK009,Latin America,Retail,3,10,86.4,25.62,28,Female,Credit Card
NKORD01239,2024-08-06,NK005,Middle East & Africa,Wholesale,4,10,612.0,192.02,18,Male,Credit Card
NKORD01240,2024-03-22,NK003,Middle East & Africa,Retail,1,0,190.0,59.64,32,Male,Credit Card
NKORD01241,2024-08-23,NK013,North America,Retail,1,0,125.0,30.81,28,Male,UPI
NKORD01242,2023-01-16,NK004,North America,Retail,3,5,342.0,90.09,34,Male,NetBanking
NKORD01243,2024-05-03,NK020,Europe,Outlet,3,5,85.5,19.25,28,Other,Google Pay
NKORD01244,2023-11-19,NK004,Asia-Pacific,Retail,2,10,216.0,63.02,27,Male,Google Pay
NKORD01245,2023-04-27,NK004,Europe,Retail,2,10,216.0,63.99,25,Female,UPI
NKORD01246,2025-02-04,NK018,Latin America,Outlet,3,5,79.8,17.84,44,Male,Google Pay
NKORD01247,2023-07-15,NK006,Europe,Online,4,0,580.0,200.72,32,Female,Google Pay
NKORD01248,2024-09-27,NK001,North America,Retail,1,10,103.5,23.58,24,Female,Apple Pay
NKORD01249,2025-01-23,NK018,North America,Retail,1,20,22.4,6.59,29,Female,UPI
NKORD01250,2024-03-16,NK003,Latin America,Outlet,3,40,342.0,48.21,24,Male,UPI
NKORD01251,2024-10-28,NK002,Asia-Pacific,Online,1,10,121.5,38.21,32,Female,Google Pay
NKORD01252,2023-04-03,NK018,Asia-Pacific,Online,6,10,151.2,38.49,29,Female,Cash
NKORD01253,2023-01-31,NK012,Europe,Online,7,10,189.0,48.55,20,Female,Debit Card
NKORD01254,2025-09-10,NK009,North America,Retail,4,5,121.6,39.39,33,Female,Credit Card
NKORD01255,2024-05-02,NK011,Middle East & Africa,Online,5,10,697.5,171.03,34,Male,PayPal
NKORD01256,2023-04-07,NK020,Asia-Pacific,Online,2,10,54.0,13.89,24,Other,UPI
NKORD01257,2025-06-06,NK004,North America,Online,5,0,600.0,199.14,31,Female,Debit Card
NKORD01258,2025-09-11,NK019,Asia-Pacific,Online,7,5,133.0,43.04,43,Female,Credit Card
NKORD01259,2025-09-11,NK010,Europe,Online,2,10,117.0,35.56,39,Male,NetBanking
NKORD01260,2025-06-04,NK011,Asia-Pacific,Retail,1,0,155.0,58.25,29,Female,UPI
NKORD01261,2024-08-27,NK015,Europe,Retail,3,10,75.6,23.47,41,Female,NetBanking
NKORD01262,2024-03-15,NK016,Asia-Pacific,Online,4,20,128.0,32.48,31,Male,Cash
NKORD01263,2023-09-04,NK015,Europe,Retail,4,40,67.2,10.16,24,Male,Credit Card
NKORD01264,2024-10-24,NK006,North America,Online,1,20,116.0,32.82,54,Female,Credit Card
NKORD01265,2024-12-08,NK001,Europe,Wholesale,1,20,92.0,24.65,30,Male,NetBanking
NKORD01266,2023-11-01,NK001,Asia-Pacific,Online,2,10,207.0,62.33,29,Male,Google Pay
NKORD01267,2024-09-12,NK019,Asia-Pacific,Retail,2,20,32.0,9.96,35,Male,Cash
NKORD01268,2023-03-29,NK015,Middle East & Africa,Online,7,10,176.4,56.72,33,Female,Debit Card
NKORD01269,2024-07-20,NK004,Europe,Online,1,20,96.0,27.13,27,Female,UPI
NKORD01270,2023-05-18,NK007,Latin America,Online,2,0,330.0,114.72,26,Female,Apple Pay
NKORD01271,2024-02-02,NK004,Europe,Online,3,5,342.0,129.03,45,Male,Credit Card
NKORD01272,2025-01-22,NK002,Latin America,Wholesale,4,5,513.0,107.78,24,Male,Google Pay
NKORD01273,2025-01-15,NK018,North America,Online,1,0,28.0,9.61,40,Male,Credit Card
NKORD01274,2025-02-14,NK006,North America,Retail,4,10,522.0,179.26,27,Female,UPI
NKORD01275,2023-01-08,NK014,Latin America,Retail,1,0,115.0,43.59,30,Female,Google Pay
NKORD01276,2023-05-05,NK012,North America,Retail,6,5,171.0,44.1,18,Other,NetBanking
NKORD01277,2025-04-27,NK010,North America,Wholesale,5,20,260.0,60.92,21,Male,Debit Card
NKORD01278,2024-05-03,NK005,Europe,Retail,5,0,850.0,235.56,30,Male,UPI
NKORD01279,2024-05-20,NK018,Europe,Retail,2,40,33.6,4.03,41,Male,PayPal
NKORD01280,2023-12-13,NK016,Europe,Online,2,5,76.0,19.21,33,Male,Debit Card
NKORD01281,2025-01-15,NK002,Latin America,Outlet,3,5,384.75,113.02,28,Female,Credit Card
NKORD01282,2024-12-27,NK008,Asia-Pacific,Online,1,0,125.0,33.24,35,Female,Debit Card
NKORD01283,2024-09-08,NK001,Europe,Retail,3,10,310.5,108.85,33,Female,Debit Card
NKORD01284,2025-07-24,NK019,Asia-Pacific,Retail,1,5,19.0,5.5,29,Male,NetBanking
NKORD01285,2023-02-02,NK002,Middle East & Africa,Wholesale,1,10,121.5,31.71,28,Female,Debit Card
NKORD01286,2024-08-23,NK001,Asia-Pacific,Online,1,5,109.25,37.22,32,Female,Debit Card
NKORD01287,2025-07-21,NK012,Asia-Pacific,Online,3,20,72.0,19.61,42,Female,Debit Card
NKORD01288,2024-09-16,NK002,Latin America,Online,1,10,121.5,33.45,34,Male,Debit Card
NKORD01289,2023-01-29,NK018,Europe,Outlet,2,10,50.4,10.33,18,Male,NetBanking
NKORD01290,2024-06-13,NK008,Latin America,Online,4,0,500.0,158.2,38,Female,Credit Card
NKORD01291,2024-05-17,NK015,North America,Retail,6,0,168.0,59.72,26,Female,Apple Pay
NKORD01292,2024-04-17,NK007,North America,Wholesale,6,10,891.0,273.68,46,Other,Credit Card
NKORD01293,2023-10-06,NK014,Europe,Retail,2,0,230.0,70.09,30,Male,UPI
NKORD01294,2023-01-28,NK015,Middle East & Africa,Online,3,10,75.6,21.38,45,Male,Credit Card
NKORD01295,2023-12-19,NK015,Europe,Wholesale,6,10,151.2,23.38,44,Female,Apple Pay
NKORD01296,2024-09-05,NK017,Middle East & Africa,Retail,7,10,315.0,77.2,23,Male,UPI
NKORD01297,2024-05-31,NK016,Middle East & Africa,Retail,1,0,40.0,9.84,38,Male,Apple Pay
NKORD01298,2023-04-03,NK009,Latin America,Outlet,1,10,28.8,6.08,42,Female,Cash
NKORD01299,2024-11-03,NK007,Middle East & Africa,Retail,3,5,470.25,158.48,36,Female,Credit Card
NKORD01300,2023-09-02,NK015,Europe,Outlet,3,20,67.2,14.49,32,Male,Debit Card
NKORD01301,2023-06-01,NK006,Latin America,Retail,7,0,1015.0,278.4,18,Other,Debit Card
NKORD01302,2023-10-31,NK005,Middle East & Africa,Retail,1,0,170.0,51.2,45,Female,UPI
NKORD01303,2024-06-30,NK004,Middle East & Africa,Outlet,2,5,228.0,63.92,24,Male,Credit Card
NKORD01304,2025-06-07,NK008,North America,Retail,3,0,375.0,102.43,22,Female,UPI
NKORD01305,2024-08-29,NK005,North America,Wholesale,2,20,272.0,74.35,38,Male,Cash
NKORD01306,2024-03-21,NK015,Middle East & Africa,Online,5,20,112.0,29.43,32,Female,Debit Card
NKORD01307,2023-06-03,NK003,Europe,Online,1,5,180.5,45.63,29,Female,Google Pay
NKORD01308,2023-08-03,NK011,Middle East & Africa,Retail,2,5,294.5,93.04,39,Male,Credit Card
NKORD01309,2023-03-10,NK004,Latin America,Wholesale,1,0,120.0,43.37,44,Male,Apple Pay
NKORD01310,2025-01-08,NK006,Asia-Pacific,Outlet,1,5,137.75,37.0,24,Male,Debit Card
NKORD01311,2025-05-13,NK020,Europe,Retail,2,5,57.0,18.7,40,Female,Google Pay
NKORD01312,2025-09-12,NK002,Middle East & Africa,Online,3,0,405.0,130.21,30,Male,Google Pay
NKORD01313,2025-08-11,NK006,Europe,Online,5,10,652.5,229.58,30,Female,Google Pay
NKORD01314,2023-03-03,NK006,North America,Online,1,5,137.75,46.45,32,Male,Debit Card
NKORD01315,2023-02-05,NK003,Latin America,Retail,3,5,541.5,190.51,31,Female,UPI
NKORD01316,2024-08-23,NK005,Middle East & Africa,Retail,1,0,170.0,47.97,18,Male,Debit Card
NKORD01317,2024-12-12,NK004,Asia-Pacific,Retail,2,10,216.0,58.24,41,Male,PayPal
NKORD01318,2024-12-10,NK004,Middle East & Africa,Retail,3,5,342.0,84.43,28,Male,Debit Card
NKORD01319,2023-03-25,NK010,Europe,Online,3,10,175.5,43.83,32,Female,NetBanking
NKORD01320,2024-10-08,NK006,Asia-Pacific,Retail,1,5,137.75,43.11,45,Male,Credit Card
NKORD01321,2023-09-18,NK016,Europe,Wholesale,7,20,224.0,49.04,27,Female,NetBanking
NKORD01322,2023-11-01,NK006,Europe,Outlet,1,5,137.75,32.97,40,Female,Debit Card
NKORD01323,2023-04-11,NK013,Europe,Retail,2,0,250.0,79.11,26,Female,PayPal
NKORD01324,2024-04-04,NK012,North America,Retail,1,5,28.5,7.85,19,Female,Debit Card
NKORD01325,2023-09-06,NK017,Latin America,Online,1,5,47.5,13.9,30,Female,Debit Card
NKORD01326,2024-05-11,NK011,Asia-Pacific,Retail,2,20,248.0,72.06,60,Female,UPI
NKORD01327,2023-09-06,NK018,Latin America,Online,2,20,44.8,8.85,41,Female,Cash
NKORD01328,2023-05-15,NK008,North America,Outlet,3,10,337.5,116.3,40,Female,Debit Card
NKORD01329,2024-05-09,NK001,Latin America,Retail,3,10,310.5,110.58,39,Male,Debit Card
NKORD01330,2024-09-07,NK018,Latin America,Online,4,20,89.6,21.15,22,Female,Google Pay
NKORD01331,2024-06-12,NK020,Europe,Wholesale,2,5,57.0,14.62,38,Female,NetBanking
NKORD01332,2025-08-26,NK015,Asia-Pacific,Wholesale,3,5,79.8,22.32,37,Male,UPI
NKORD01333,2024-04-23,NK005,Asia-Pacific,Outlet,3,5,484.5,164.27,26,Female,Credit Card
NKORD01334,2023-04-19,NK020,Europe,Retail,5,10,135.0,30.15,43,Male,Debit Card
NKORD01335,2023-09-09,NK018,Asia-Pacific,Wholesale,4,5,106.4,23.99,20,Female,Google Pay
NKORD01336,2025-02-12,NK020,North America,Retail,4,5,114.0,24.0,33,Male,UPI
NKORD01337,2023-01-12,NK006,Middle East & Africa,Wholesale,2,5,275.5,74.15,20,Male,PayPal
NKORD01338,2024-11-17,NK005,North America,Retail,5,20,680.0,211.08,35,Female,Google Pay
NKORD01339,2025-08-19,NK010,North America,Online,4,10,234.0,66.85,43,Male,Credit Card
NKORD01340,2024-07-01,NK011,North America,Outlet,3,10,418.5,126.0,25,Male,Credit Card
NKORD01341,2025-02-24,NK011,Europe,Online,2,5,294.5,84.64,32,Male,Debit Card
NKORD01342,2023-09-10,NK005,Middle East & Africa,Online,5,5,807.5,207.09,20,Male,Apple Pay
NKORD01343,2025-08-12,NK015,Middle East & Africa,Online,2,10,50.4,11.12,38,Male,PayPal
NKORD01344,2025-03-25,NK008,Europe,Online,1,40,75.0,12.25,33,Female,PayPal
NKORD01345,2025-08-06,NK018,Asia-Pacific,Outlet,1,20,22.4,3.26,38,Male,Google Pay
NKORD01346,2023-03-09,NK004,Middle East & Africa,Wholesale,5,5,570.0,131.48,34,Male,Debit Card
NKORD01347,2024-10-26,NK006,Asia-Pacific,Wholesale,3,10,391.5,92.58,34,Male,Cash
NKORD01348,2025-03-18,NK019,Europe,Online,3,5,57.0,13.5,30,Male,UPI
NKORD01349,2025-05-19,NK020,Europe,Retail,1,40,18.0,3.13,37,Male,Credit Card
NKORD01350,2023-07-21,NK016,Asia-Pacific,Retail,4,5,152.0,47.53,25,Male,Credit Card
NKORD01351,2025-07-05,NK016,Asia-Pacific,Online,1,0,40.0,12.52,24,Female,PayPal
NKORD01352,2025-09-28,NK013,Latin America,Online,2,5,237.5,64.2,27,Female,Apple Pay
NKORD01353,2023-04-08,NK020,Middle East & Africa,Outlet,5,40,90.0,13.92,33,Male,Credit Card
NKORD01354,2024-09-23,NK001,North America,Outlet,2,40,138.0,36.88,30,Other,Apple Pay
NKORD01355,2024-02-25,NK008,Middle East & Africa,Online,3,40,225.0,33.85,18,Male,Cash
NKORD01356,2023-10-13,NK012,North America,Online,5,5,142.5,45.02,19,Male,NetBanking
NKORD01357,2023-03-18,NK003,North America,Retail,1,0,190.0,61.01,36,Male,Google Pay
NKORD01358,2023-04-29,NK017,Europe,Online,1,20,40.0,7.16,34,Female,PayPal
NKORD01359,2025-09-17,NK013,Latin America,Online,3,0,375.0,116.15,41,Other,UPI
NKORD01360,2024-05-15,NK007,Europe,Online,1,5,156.75,49.02,33,Male,Google Pay
NKORD01361,2023-06-10,NK001,Europe,Online,1,5,109.25,40.41,36,Female,Debit Card
NKORD01362,2024-09-27,NK004,North America,Retail,2,5,228.0,81.95,18,Male,NetBanking
NKORD01363,2024-05-30,NK003,Middle East & Africa,Wholesale,2,10,342.0,102.35,45,Male,Cash
NKORD01364,2023-11-30,NK006,Asia-Pacific,Retail,1,5,137.75,46.33,32,Male,Credit Card
NKORD01365,2024-07-31,NK016,Latin America,Online,2,5,76.0,23.37,28,Female,Credit Card
NKORD01366,2024-07-28,NK018,Europe,Outlet,2,10,50.4,12.08,27,Female,Google Pay
NKORD01367,2025-02-11,NK017,North America,Online,5,5,237.5,71.38,33,Female,NetBanking
NKORD01368,2025-08-18,NK011,Middle East & Africa,Online,4,20,496.0,128.66,36,Male,Debit Card
NKORD01369,2023-10-17,NK009,Asia-Pacific,Wholesale,2,0,64.0,21.26,39,Male,Debit Card
NKORD01370,2024-02-29,NK010,North America,Retail,3,5,185.25,62.47,44,Male,UPI
NKORD01371,2023-09-12,NK018,Asia-Pacific,Outlet,1,5,26.6,8.12,37,Other,Google Pay
NKORD01372,2025-07-10,NK011,North America,Online,1,5,147.25,41.5,36,Male,UPI
NKORD01373,2025-09-10,NK010,Asia-Pacific,Online,2,10,117.0,35.63,34,Female,Credit Card
NKORD01374,2024-12-26,NK015,Asia-Pacific,Wholesale,1,0,28.0,6.92,25,Male,NetBanking
NKORD01375,2025-01-31,NK016,Europe,Online,1,10,36.0,7.81,23,Female,Debit Card
NKORD01376,2025-07-06,NK004,Middle East & Africa,Online,3,10,324.0,118.18,34,Female,NetBanking
NKORD01377,2024-11-18,NK020,North America,Online,3,0,90.0,30.0,41,Female,PayPal
NKORD01378,2023-10-25,NK007,Europe,Online,3,0,495.0,167.72,35,Male,Credit Card
NKORD01379,2023-01-22,NK008,Europe,Retail,5,5,593.75,168.01,41,Male,Credit Card
NKORD01380,2025-02-10,NK016,North America,Wholesale,4,10,144.0,27.84,56,Female,PayPal
NKORD01381,2025-09-12,NK005,Asia-Pacific,Wholesale,4,5,646.0,163.74,38,Male,PayPal
NKORD01382,2023-09-02,NK018,Latin America,Online,1,0,28.0,6.75,27,Female,Credit Card
NKORD01383,2025-04-16,NK017,North America,Online,4,20,160.0,33.78,33,Female,Google Pay
NKORD01384,2023-08-11,NK005,Asia-Pacific,Retail,4,20,544.0,190.56,42,Male,Credit Card
NKORD01385,2024-07-24,NK005,Latin America,Online,2,5,323.0,83.68,34,Male,UPI
NKORD01386,2024-02-04,NK020,Middle East & Africa,Online,1,10,27.0,6.99,21,Male,NetBanking
NKORD01387,2025-01-22,NK006,Middle East & Africa,Wholesale,4,10,522.0,123.08,53,Male,Apple Pay
NKORD01388,2023-03-31,NK003,Middle East & Africa,Retail,3,10,513.0,181.74,28,Female,Debit Card
NKORD01389,2025-02-17,NK009,Latin America,Outlet,7,0,224.0,79.52,28,Male,UPI
NKORD01390,2024-01-11,NK009,Asia-Pacific,Outlet,3,10,86.4,25.8,23,Female,Apple Pay
NKORD01391,2023-03-11,NK011,Asia-Pacific,Outlet,2,10,279.0,76.16,42,Male,Credit Card
NKORD01392,2023-07-01,NK015,Asia-Pacific,Online,1,10,25.2,5.63,24,Female,Cash
NKORD01393,2025-08-04,NK020,Europe,Online,2,5,57.0,16.17,18,Male,Credit Card
NKORD01394,2025-05-09,NK001,Europe,Online,3,10,310.5,77.34,35,Male,PayPal
NKORD01395,2023-08-31,NK020,Europe,Online,4,0,120.0,34.39,32,Male,Cash
NKORD01396,2023-05-09,NK009,Asia-Pacific,Online,1,10,28.8,6.8,42,Male,Debit Card
NKORD01397,2023-03-11,NK019,Asia-Pacific,Retail,2,0,40.0,9.39,37,Female,NetBanking
NKORD01398,2025-07-04,NK003,Europe,Online,3,10,513.0,130.87,38,Male,PayPal
NKORD01399,2025-04-02,NK005,Europe,Retail,2,0,340.0,135.89,35,Male,Google Pay
NKORD01400,2023-10-30,NK019,Europe,Online,1,0,20.0,6.1,33,Female,Debit Card
NKORD01401,2024-11-04,NK019,Middle East & Africa,Online,2,0,40.0,9.02,36,Female,Debit Card
NKORD01402,2024-04-24,NK012,Europe,Online,2,0,60.0,14.98,28,Female,NetBanking
NKORD01403,2025-01-10,NK006,Europe,Wholesale,6,0,870.0,217.96,34,Male,PayPal
NKORD01404,2025-02-15,NK006,Asia-Pacific,Retail,3,5,413.25,127.79,18,Male,Google Pay
NKORD01405,2024-01-26,NK001,Middle East & Africa,Wholesale,1,10,103.5,21.87,18,Female,Debit Card
NKORD01406,2024-01-15,NK019,Asia-Pacific,Retail,4,5,76.0,25.79,32,Female,NetBanking
NKORD01407,2023-08-09,NK001,Europe,Online,3,20,276.0,58.5,33,Female,NetBanking
NKORD01408,2023-05-07,NK015,Latin America,Online,3,5,79.8,19.82,41,Male,Debit Card
NKORD01409,2024-01-06,NK018,Europe,Online,2,5,53.2,15.29,35,Female,Credit Card
NKORD01410,2024-12-05,NK009,Asia-Pacific,Online,6,5,182.4,59.65,32,Male,Cash
NKORD01411,2023-12-09,NK007,Asia-Pacific,Outlet,2,40,198.0,30.01,37,Male,Debit Card
NKORD01412,2023-12-05,NK003,North America,Online,6,5,1083.0,408.68,18,Other,Cash
NKORD01413,2024-08-01,NK003,North America,Retail,2,5,361.0,131.89,21,Female,UPI
NKORD01414,2024-01-07,NK007,Asia-Pacific,Wholesale,2,20,264.0,69.93,47,Male,Apple Pay
NKORD01415,2025-03-07,NK017,Europe,Wholesale,3,5,142.5,36.92,39,Other,NetBanking
NKORD01416,2024-03-13,NK002,North America,Online,1,10,121.5,36.38,30,Male,NetBanking
NKORD01417,2024-10-05,NK011,North America,Online,4,10,558.0,177.82,21,Female,Credit Card
NKORD01418,2023-12-26,NK001,Middle East & Africa,Retail,2,0,230.0,89.28,32,Male,Google Pay
NKORD01419,2025-08-08,NK019,Middle East & Africa,Retail,6,5,114.0,38.65,38,Female,Cash
NKORD01420,2024-11-02,NK017,Middle East & Africa,Online,1,5,47.5,14.82,24,Male,Credit Card
NKORD01421,2023-08-08,NK017,Middle East & Africa,Retail,3,20,120.0,29.86,24,Female,Credit Card
NKORD01422,2024-06-18,NK001,Europe,Retail,5,5,546.25,207.49,47,Male,PayPal
NKORD01423,2025-09-11,NK004,Latin America,Online,4,20,384.0,107.92,35,Male,Credit Card
NKORD01424,2024-11-17,NK016,North America,Retail,1,0,40.0,10.92,26,Female,NetBanking
NKORD01425,2024-11-10,NK012,North America,Retail,3,0,90.0,33.2,36,Male,Debit Card
NKORD01426,2024-02-26,NK018,Europe,Online,3,20,67.2,18.71,31,Female,Cash
NKORD01427,2023-08-07,NK003,Asia-Pacific,Retail,5,20,760.0,180.94,18,Female,Credit Card
NKORD01428,2023-11-07,NK004,North America,Retail,2,10,216.0,70.3,29,Male,UPI
NKORD01429,2024-05-23,NK004,Middle East & Africa,Online,2,5,228.0,84.11,29,Female,NetBanking
NKORD01430,2024-02-15,NK005,North America,Outlet,7,5,1130.5,305.38,36,Male,Credit Card
NKORD01431,2024-09-15,NK015,Latin America,Wholesale,1,10,25.2,6.69,54,Male,NetBanking
NKORD01432,2024-04-24,NK019,Asia-Pacific,Online,1,0,20.0,6.01,22,Male,Debit Card
NKORD01433,2025-07-19,NK011,Europe,Outlet,1,10,139.5,39.62,42,Male,UPI
NKORD01434,2025-07-21,NK006,Asia-Pacific,Online,1,5,137.75,50.2,32,Male,Apple Pay
NKORD01435,2024-03-16,NK011,North America,Retail,3,5,441.75,123.25,19,Female,Cash
NKORD01436,2023-04-24,NK005,North America,Online,2,0,340.0,91.59,29,Male,NetBanking
NKORD01437,2024-11-03,NK018,Middle East & Africa,Retail,1,20,22.4,4.45,28,Female,NetBanking
NKORD01438,2023-03-16,NK015,Latin America,Retail,1,5,26.6,6.51,18,Male,Credit Card
NKORD01439,2023-10-31,NK003,North America,Online,4,5,722.0,246.98,18,Male,UPI
NKORD01440,2023-12-05,NK006,Asia-Pacific,Retail,6,5,826.5,209.03,30,Male,Google Pay
NKORD01441,2025-02-22,NK002,Latin America,Outlet,4,0,540.0,130.27,41,Male,Debit Card
NKORD01442,2023-07-25,NK001,Latin America,Retail,3,20,276.0,84.3,24,Female,Debit Card
NKORD01443,2023-12-31,NK016,Asia-Pacific,Online,3,20,96.0,23.59,42,Female,Google Pay
NKORD01444,2024-06-07,NK019,Europe,Retail,1,10,18.0,4.54,43,Female,Credit Card
NKORD01445,2025-08-31,NK018,Latin America,Online,4,5,106.4,36.49,37,Male,NetBanking
NKORD01446,2025-08-14,NK013,Latin America,Online,3,5,356.25,86.3,30,Male,Debit Card
NKORD01447,2023-05-08,NK015,Asia-Pacific,Wholesale,2,10,50.4,14.16,36,Female,UPI
NKORD01448,2024-05-13,NK015,Asia-Pacific,Outlet,3,0,84.0,19.48,43,Male,NetBanking
NKORD01449,2025-07-14,NK008,Latin America,Online,3,5,356.25,95.44,31,Male,Credit Card
NKORD01450,2024-07-11,NK008,Latin America,Outlet,3,10,337.5,89.79,43,Female,Cash
NKORD01451,2024-01-07,NK009,Europe,Outlet,7,0,224.0,49.44,18,Other,NetBanking
NKORD01452,2024-02-08,NK010,Middle East & Africa,Retail,2,5,123.5,43.82,39,Female,Cash
NKORD01453,2025-03-01,NK009,Latin America,Wholesale,7,10,201.6,38.44,25,Female,Credit Card
NKORD01454,2025-07-28,NK012,Asia-Pacific,Wholesale,1,10,27.0,6.79,31,Male,Credit Card
NKORD01455,2023-10-28,NK019,Middle East & Africa,Outlet,4,10,72.0,14.69,37,Male,UPI
NKORD01456,2025-05-17,NK009,Asia-Pacific,Retail,3,5,91.2,33.18,35,Female,UPI
NKORD01457,2023-07-15,NK004,North America,Online,4,0,480.0,156.93,23,Female,Debit Card
NKORD01458,2024-06-02,NK002,North America,Online,5,10,607.5,229.45,18,Female,Credit Card
NKORD01459,2024-11-23,NK020,Asia-Pacific,Online,3,10,81.0,18.24,46,Female,Google Pay
NKORD01460,2023-08-14,NK004,Europe,Outlet,2,10,216.0,64.23,31,Female,PayPal
NKORD01461,2024-11-06,NK014,North America,Online,2,0,230.0,60.92,46,Male,Debit Card
NKORD01462,2024-11-07,NK011,Middle East & Africa,Retail,1,20,124.0,22.96,18,Female,Credit Card
NKORD01463,2024-05-11,NK008,Asia-Pacific,Wholesale,6,0,750.0,206.46,24,Female,Apple Pay
NKORD01464,2023-10-03,NK007,North America,Online,1,0,165.0,64.04,30,Male,Cash
NKORD01465,2024-10-12,NK010,Europe,Wholesale,3,5,185.25,38.39,47,Male,Apple Pay
NKORD01466,2023-07-25,NK016,Latin America,Retail,4,5,152.0,36.76,42,Male,Credit Card
NKORD01467,2024-10-04,NK015,Europe,Retail,2,10,50.4,11.1,23,Male,Debit Card
NKORD01468,2024-03-02,NK015,Asia-Pacific,Retail,1,10,25.2,8.15,21,Female,Debit Card
NKORD01469,2023-07-27,NK006,North America,Retail,3,10,391.5,141.5,36,Male,Credit Card
NKORD01470,2023-12-29,NK004,Asia-Pacific,Retail,1,5,114.0,28.39,25,Male,Credit Card
NKORD01471,2025-01-29,NK003,Europe,Retail,1,0,190.0,53.44,33,Female,UPI
NKORD01472,2023-03-15,NK012,North America,Outlet,4,5,114.0,26.32,35,Female,Credit Card
NKORD01473,2025-05-25,NK019,Asia-Pacific,Outlet,1,0,20.0,6.34,36,Male,Credit Card
NKORD01474,2023-07-15,NK002,North America,Wholesale,1,5,128.25,35.38,33,Female,UPI
NKORD01475,2025-06-18,NK018,North America,Online,2,5,53.2,14.71,39,Female,Apple Pay
NKORD01476,2025-05-29,NK004,Middle East & Africa,Online,6,10,648.0,214.51,31,Male,UPI
NKORD01477,2024-06-12,NK008,Asia-Pacific,Retail,3,0,375.0,97.52,23,Female,PayPal
NKORD01478,2023-06-25,NK015,Latin America,Wholesale,3,5,79.8,21.13,23,Male,Google Pay
NKORD01479,2024-07-23,NK005,Latin America,Retail,3,10,459.0,131.57,32,Male,Credit Card
NKORD01480,2023-12-22,NK018,Europe,Online,1,10,25.2,5.17,23,Female,Debit Card
NKORD01481,2023-09-13,NK009,Europe,Retail,3,0,96.0,33.51,26,Male,PayPal
NKORD01482,2024-12-30,NK015,Europe,Retail,1,0,28.0,8.39,49,Male,Credit Card
NKORD01483,2023-09-07,NK015,North America,Outlet,1,5,26.6,5.51,36,Male,Google Pay
NKORD01484,2024-09-03,NK003,Middle East & Africa,Retail,1,20,152.0,44.98,33,Female,Credit Card
NKORD01485,2023-03-20,NK019,Latin America,Outlet,5,20,80.0,14.52,28,Male,Credit Card
NKORD01486,2024-11-07,NK009,Europe,Online,1,0,32.0,10.02,36,Female,Credit Card
NKORD01487,2024-04-12,NK009,Latin America,Outlet,2,5,60.8,18.51,24,Female,NetBanking
NKORD01488,2024-04-05,NK006,Europe,Online,3,5,413.25,135.74,30,Female,Credit Card
NKORD01489,2023-06-30,NK015,Europe,Online,5,0,140.0,41.21,36,Female,Credit Card
NKORD01490,2025-04-23,NK016,North America,Online,3,20,96.0,26.34,18,Male,Apple Pay
NKORD01491,2024-12-14,NK020,Asia-Pacific,Retail,2,10,54.0,17.64,18,Female,NetBanking
NKORD01492,2024-08-14,NK001,Europe,Online,3,20,276.0,56.53,34,Female,Credit Card
NKORD01493,2025-06-04,NK001,Europe,Outlet,1,0,115.0,42.03,35,Male,PayPal
NKORD01494,2025-09-18,NK004,Middle East & Africa,Retail,6,5,684.0,195.26,25,Female,Debit Card
NKORD01495,2025-09-13,NK019,Latin America,Outlet,4,5,76.0,19.66,21,Female,NetBanking
NKORD01496,2025-07-21,NK002,Europe,Wholesale,4,10,486.0,108.37,33,Male,Credit Card
NKORD01497,2023-06-25,NK001,Middle East & Africa,Online,3,0,345.0,109.64,19,Male,Credit Card
NKORD01498,2025-07-15,NK018,Latin America,Outlet,1,5,26.6,5.98,25,Male,Apple Pay
NKORD01499,2024-12-06,NK005,Middle East & Africa,Retail,4,0,680.0,257.94,33,Female,UPI
NKORD01500,2025-05-07,NK008,Asia-Pacific,Retail,2,10,225.0,51.8,35,Female,Debit Card
NKORD01501,2025-01-17,NK017,Asia-Pacific,Wholesale,4,10,180.0,41.13,22,Other,Credit Card
NKORD01502,2024-11-21,NK019,Latin America,Online,1,40,12.0,1.56,18,Female,Credit Card
NKORD01503,2024-08-22,NK001,Europe,Online,1,10,103.5,37.74,27,Male,Cash
NKORD01504,2024-10-29,NK003,Asia-Pacific,Wholesale,2,10,342.0,100.27,24,Female,Apple Pay
NKORD01505,2025-08-15,NK018,Asia-Pacific,Retail,2,10,50.4,14.56,37,Male,Credit Card
NKORD01506,2023-11-22,NK015,Middle East & Africa,Online,1,0,28.0,8.36,30,Male,Debit Card
NKORD01507,2023-09-21,NK012,Latin America,Retail,5,20,120.0,38.73,18,Male,Credit Card
NKORD01508,2023-08-17,NK015,Asia-Pacific,Retail,4,20,89.6,19.18,28,Female,Cash
NKORD01509,2024-06-10,NK015,Latin America,Outlet,1,5,26.6,8.58,21,Female,UPI
NKORD01510,2023-07-29,NK010,Latin America,Online,3,5,185.25,64.67,33,Male,Credit Card
NKORD01511,2024-07-23,NK013,North America,Retail,4,40,300.0,62.35,23,Female,PayPal
NKORD01512,2023-06-17,NK009,Middle East & Africa,Retail,2,10,57.6,12.67,25,Male,Credit Card
NKORD01513,2025-08-01,NK011,North America,Retail,2,10,279.0,75.05,28,Male,Google Pay
NKORD01514,2024-03-18,NK019,North America,Online,3,0,60.0,15.19,24,Female,UPI
NKORD01515,2024-02-21,NK013,Europe,Retail,1,20,100.0,32.17,21,Male,Credit Card
NKORD01516,2024-11-30,NK005,Asia-Pacific,Retail,4,5,646.0,246.57,32,Female,Credit Card
NKORD01517,2025-08-03,NK008,North America,Online,3,0,375.0,102.56,45,Male,UPI
NKORD01518,2024-05-09,NK006,Middle East & Africa,Online,2,0,290.0,96.74,18,Male,Credit Card
NKORD01519,2023-11-16,NK001,Europe,Retail,4,0,460.0,158.76,40,Female,Debit Card
NKORD01520,2024-01-06,NK017,Europe,Online,3,0,150.0,51.11,35,Female,UPI
NKORD01521,2023-10-27,NK019,North America,Retail,1,10,18.0,5.88,46,Male,Credit Card
NKORD01522,2024-05-07,NK007,North America,Retail,4,10,594.0,137.08,33,Female,UPI
NKORD01523,2024-04-03,NK006,Europe,Online,2,20,232.0,52.55,31,Female,Apple Pay
NKORD01524,2023-03-24,NK018,Asia-Pacific,Retail,6,0,168.0,51.5,43,Male,UPI
NKORD01525,2025-07-16,NK015,Asia-Pacific,Online,4,40,67.2,9.05,38,Male,Debit Card
NKORD01526,2023-10-31,NK019,Middle East & Africa,Online,2,10,36.0,7.93,52,Male,Credit Card
NKORD01527,2023-09-30,NK015,Latin America,Wholesale,5,10,126.0,29.11,28,Male,Credit Card
NKORD01528,2025-06-22,NK013,Asia-Pacific,Retail,3,20,300.0,82.07,30,Male,NetBanking
NKORD01529,2023-12-20,NK014,Asia-Pacific,Retail,4,10,414.0,141.09,49,Female,PayPal
NKORD01530,2024-09-23,NK008,Latin America,Retail,2,20,200.0,60.24,18,Female,Credit Card
NKORD01531,2024-02-26,NK006,Europe,Outlet,2,5,275.5,92.86,34,Male,Credit Card
NKORD01532,2025-02-23,NK009,Europe,Wholesale,2,0,64.0,18.05,37,Female,Cash
NKORD01533,2025-07-12,NK020,Latin America,Retail,3,5,85.5,24.49,22,Female,NetBanking
NKORD01534,2024-10-31,NK016,Middle East & Africa,Online,6,20,192.0,39.34,18,Male,UPI
NKORD01535,2023-07-21,NK015,Europe,Online,2,0,56.0,12.63,43,Female,Debit Card
NKORD01536,2024-12-21,NK015,Europe,Online,4,5,106.4,33.96,27,Female,Credit Card
NKORD01537,2023-02-09,NK011,Middle East & Africa,Online,1,10,139.5,44.66,32,Male,Debit Card
NKORD01538,2024-03-18,NK009,Latin America,Online,1,10,28.8,6.37,39,Female,NetBanking
NKORD01539,2025-01-01,NK015,Europe,Online,2,10,50.4,11.52,35,Male,Credit Card
NKORD01540,2023-02-19,NK004,Europe,Retail,4,20,384.0,111.63,36,Female,UPI
NKORD01541,2023-05-09,NK018,Asia-Pacific,Online,1,10,25.2,8.19,18,Male,Cash
NKORD01542,2024-03-04,NK006,Latin America,Online,7,20,812.0,216.36,19,Male,NetBanking
NKORD01543,2023-06-22,NK005,Latin America,Retail,1,20,136.0,35.53,27,Female,Credit Card
NKORD01544,2024-10-15,NK006,North America,Retail,1,40,87.0,19.73,30,Male,Google Pay
NKORD01545,2025-07-01,NK007,Asia-Pacific,Retail,2,5,313.5,88.17,26,Male,Credit Card
NKORD01546,2024-02-02,NK001,North America,Online,3,20,276.0,66.06,32,Female,Cash
NKORD01547,2024-06-29,NK014,Asia-Pacific,Retail,1,20,92.0,24.32,40,Other,Credit Card
NKORD01548,2023-12-24,NK015,Latin America,Wholesale,5,5,133.0,28.75,28,Male,Credit Card
NKORD01549,2023-07-29,NK009,North America,Retail,1,0,32.0,10.84,24,Male,Credit Card
NKORD01550,2024-03-12,NK018,Latin America,Wholesale,5,5,133.0,30.34,25,Other,Credit Card
NKORD01551,2025-02-23,NK010,Latin America,Online,4,10,234.0,56.81,29,Male,Debit Card
NKORD01552,2024-04-02,NK011,North America,Online,5,20,620.0,137.8,26,Male,NetBanking
NKORD01553,2023-03-13,NK009,Middle East & Africa,Retail,2,0,64.0,24.01,30,Female,Credit Card
NKORD01554,2024-12-12,NK001,Middle East & Africa,Outlet,1,10,103.5,23.75,33,Female,PayPal
NKORD01555,2024-01-16,NK007,North America,Wholesale,2,5,313.5,102.72,30,Male,Credit Card
NKORD01556,2023-04-05,NK010,Asia-Pacific,Retail,3,20,156.0,28.44,39,Male,UPI
NKORD01557,2023-01-20,NK016,Asia-Pacific,Wholesale,4,5,152.0,36.35,54,Female,Google Pay
NKORD01558,2023-11-25,NK017,Europe,Retail,1,0,50.0,11.83,33,Male,UPI
NKORD01559,2025-06-02,NK007,Europe,Wholesale,3,0,495.0,173.44,18,Male,Apple Pay
NKORD01560,2024-03-11,NK012,Asia-Pacific,Wholesale,3,5,85.5,17.57,19,Female,Credit Card
NKORD01561,2023-11-04,NK004,Latin America,Online,5,10,540.0,142.96,31,Male,Credit Card
NKORD01562,2024-08-22,NK004,Asia-Pacific,Online,5,10,540.0,195.71,18,Male,Credit Card
NKORD01563,2023-05-08,NK004,North America,Retail,7,10,756.0,274.18,30,Male,NetBanking
NKORD01564,2024-08-06,NK019,Europe,Wholesale,2,20,32.0,6.6,22,Female,PayPal
NKORD01565,2023-02-26,NK005,Asia-Pacific,Online,2,0,340.0,118.93,22,Other,Google Pay
NKORD01566,2023-04-18,NK012,Asia-Pacific,Retail,6,10,162.0,37.0,34,Female,Debit Card
NKORD01567,2025-08-21,NK002,Latin America,Wholesale,6,40,486.0,68.85,32,Male,UPI
NKORD01568,2025-06-01,NK005,Europe,Wholesale,1,10,153.0,36.27,47,Female,Debit Card
NKORD01569,2023-07-11,NK011,Latin America,Retail,7,10,976.5,302.54,18,Female,Google Pay
NKORD01570,2023-10-10,NK005,North America,Retail,1,5,161.5,61.58,35,Male,UPI
NKORD01571,2024-06-07,NK016,Europe,Online,1,0,40.0,10.98,27,Female,Google Pay
NKORD01572,2023-10-22,NK009,Asia-Pacific,Online,1,10,28.8,6.26,29,Female,Google Pay
NKORD01573,2025-06-27,NK013,Asia-Pacific,Wholesale,2,5,237.5,58.68,41,Female,Credit Card
NKORD01574,2024-02-17,NK019,Latin America,Online,4,20,64.0,10.83,36,Female,UPI
NKORD01575,2025-06-27,NK013,Latin America,Online,1,5,118.75,33.29,41,Male,UPI
NKORD01576,2024-07-13,NK012,Latin America,Retail,2,10,54.0,14.28,38,Male,Debit Card
NKORD01577,2023-12-10,NK018,Middle East & Africa,Online,1,5,26.6,5.63,35,Female,UPI
NKORD01578,2025-03-21,NK012,Latin America,Online,4,10,108.0,24.12,35,Female,UPI
NKORD01579,2025-08-08,NK005,North America,Online,2,0,340.0,95.14,31,Other,UPI
NKORD01580,2025-07-29,NK009,North America,Retail,3,5,91.2,22.73,20,Male,UPI
NKORD01581,2025-09-06,NK004,Europe,Outlet,7,5,798.0,259.71,43,Male,UPI
NKORD01582,2023-03-26,NK009,Middle East & Africa,Online,4,20,102.4,22.92,55,Female,Credit Card
NKORD01583,2023-11-28,NK010,Middle East & Africa,Online,4,20,208.0,43.67,29,Female,NetBanking
NKORD01584,2024-12-03,NK004,North America,Online,5,10,540.0,158.2,38,Male,Google Pay
NKORD01585,2025-09-19,NK014,Asia-Pacific,Online,2,10,207.0,68.04,24,Male,Cash
NKORD01586,2024-04-27,NK016,Europe,Online,4,5,152.0,34.49,31,Male,Debit Card
NKORD01587,2023-05-07,NK020,Europe,Online,2,5,57.0,18.18,28,Female,NetBanking
NKORD01588,2023-08-16,NK018,Europe,Retail,3,5,79.8,21.02,38,Female,Debit Card
NKORD01589,2024-07-20,NK004,Latin America,Online,1,5,114.0,38.87,39,Other,Credit Card
NKORD01590,2023-11-12,NK001,Latin America,Online,3,10,310.5,83.52,28,Male,Credit Card
NKORD01591,2023-03-29,NK009,North America,Retail,1,10,28.8,9.13,29,Other,UPI
NKORD01592,2025-09-11,NK004,North America,Outlet,2,5,228.0,77.46,30,Female,PayPal
NKORD01593,2023-06-19,NK004,Middle East & Africa,Wholesale,2,5,228.0,46.84,34,Female,Credit Card
NKORD01594,2023-07-14,NK012,Asia-Pacific,Online,4,5,114.0,29.14,27,Male,PayPal
NKORD01595,2024-02-29,NK014,North America,Online,2,10,207.0,53.14,33,Male,Google Pay
NKORD01596,2023-04-23,NK008,Asia-Pacific,Retail,1,10,112.5,34.32,20,Other,Cash
NKORD01597,2025-01-16,NK011,Asia-Pacific,Outlet,2,10,279.0,58.44,19,Male,Credit Card
NKORD01598,2023-12-12,NK004,North America,Retail,2,5,228.0,67.04,42,Female,Cash
NKORD01599,2023-06-05,NK002,Europe,Wholesale,2,0,270.0,95.57,53,Male,Google Pay
NKORD01600,2024-04-20,NK011,Asia-Pacific,Wholesale,5,0,775.0,255.47,21,Male,Debit Card
NKORD01601,2025-07-01,NK019,Europe,Wholesale,4,10,72.0,17.4,20,Male,NetBanking
NKORD01602,2023-11-02,NK001,Asia-Pacific,Online,4,5,437.0,152.16,31,Male,Credit Card
NKORD01603,2025-01-31,NK020,North America,Online,1,10,27.0,7.55,49,Female,UPI
NKORD01604,2023-07-23,NK011,Asia-Pacific,Wholesale,1,20,124.0,30.71,39,Male,Credit Card
NKORD01605,2023-01-09,NK003,North America,Retail,1,10,171.0,56.02,19,Female,UPI
NKORD01606,2023-04-13,NK003,Asia-Pacific,Retail,3,0,570.0,206.37,36,Female,UPI
NKORD01607,2024-11-06,NK018,Asia-Pacific,Retail,2,5,53.2,12.05,36,Female,NetBanking
NKORD01608,2025-04-07,NK004,North America,Retail,1,0,120.0,38.5,26,Male,UPI
NKORD01609,2024-10-15,NK009,Europe,Retail,2,5,60.8,16.03,18,Male,Apple Pay
NKORD01610,2023-10-23,NK018,Europe,Online,5,20,112.0,24.82,39,Male,Credit Card
NKORD01611,2023-08-03,NK004,Europe,Outlet,6,5,684.0,152.44,18,Female,Credit Card
NKORD01612,2024-04-05,NK019,Asia-Pacific,Wholesale,1,10,18.0,5.02,29,Male,Credit Card
NKORD01613,2023-07-06,NK015,North America,Online,1,0,28.0,8.48,42,Female,Credit Card
NKORD01614,2025-04-23,NK018,Asia-Pacific,Retail,3,10,75.6,21.99,32,Male,Credit Card
NKORD01615,2024-04-03,NK015,Latin America,Online,3,5,79.8,22.84,30,Female,NetBanking
NKORD01616,2025-06-22,NK017,Asia-Pacific,Retail,2,10,90.0,17.7,20,Male,NetBanking
NKORD01617,2024-07-17,NK010,Latin America,Outlet,4,0,260.0,90.12,25,Male,PayPal
NKORD01618,2023-04-16,NK020,Asia-Pacific,Outlet,4,5,114.0,25.42,33,Male,UPI
NKORD01619,2023-11-23,NK002,Europe,Wholesale,2,5,256.5,67.75,29,Male,NetBanking
NKORD01620,2023-05-22,NK002,Latin America,Online,1,10,121.5,30.26,22,Male,Debit Card
NKORD01621,2025-07-28,NK016,North America,Online,2,5,76.0,18.95,24,Male,Credit Card
NKORD01622,2023-06-20,NK007,North America,Online,1,0,165.0,43.24,41,Female,NetBanking
NKORD01623,2024-07-05,NK016,Latin America,Outlet,1,20,32.0,7.75,19,Female,Credit Card
NKORD01624,2025-07-16,NK004,Europe,Online,4,0,480.0,151.54,19,Male,Debit Card
NKORD01625,2023-03-18,NK009,Latin America,Retail,2,10,57.6,11.64,28,Male,Credit Card
NKORD01626,2023-12-14,NK004,Asia-Pacific,Online,3,5,342.0,109.9,23,Male,PayPal
NKORD01627,2025-05-07,NK004,North America,Retail,2,0,240.0,87.36,18,Male,Debit Card
NKORD01628,2025-07-20,NK016,Latin America,Online,3,10,108.0,22.59,40,Female,Credit Card
NKORD01629,2023-07-12,NK012,Asia-Pacific,Wholesale,3,0,90.0,26.49,20,Female,Credit Card
NKORD01630,2024-04-20,NK020,Asia-Pacific,Online,2,10,54.0,13.34,39,Female,Google Pay
NKORD01631,2024-04-24,NK004,Asia-Pacific,Online,2,20,192.0,47.62,19,Male,Credit Card
NKORD01632,2025-07-12,NK015,Asia-Pacific,Retail,1,10,25.2,6.85,21,Female,Debit Card
NKORD01633,2025-01-18,NK014,Asia-Pacific,Online,3,10,310.5,106.82,33,Female,Credit Card
NKORD01634,2024-03-10,NK014,Asia-Pacific,Online,2,20,184.0,44.51,43,Male,Cash
NKORD01635,2023-04-05,NK006,North America,Outlet,3,0,435.0,164.9,35,Female,Credit Card
NKORD01636,2024-06-29,NK005,Europe,Online,5,10,765.0,227.4,30,Female,PayPal
NKORD01637,2024-03-06,NK009,Asia-Pacific,Retail,4,40,76.8,12.12,26,Male,Debit Card
NKORD01638,2024-12-13,NK015,Asia-Pacific,Retail,4,0,112.0,39.67,26,Male,UPI
NKORD01639,2025-03-05,NK004,Latin America,Retail,6,10,648.0,171.87,28,Male,Cash
NKORD01640,2024-09-26,NK018,Europe,Online,4,20,89.6,19.12,19,Female,Credit Card
NKORD01641,2024-09-08,NK012,Latin America,Outlet,3,5,85.5,25.76,40,Other,UPI
NKORD01642,2023-08-06,NK009,Asia-Pacific,Online,1,10,28.8,9.53,21,Female,UPI
NKORD01643,2023-04-23,NK016,Latin America,Wholesale,2,5,76.0,16.58,38,Male,Google Pay
NKORD01644,2023-03-27,NK008,Latin America,Online,2,10,225.0,69.98,35,Female,UPI
NKORD01645,2024-06-01,NK005,North America,Online,1,10,153.0,53.87,20,Female,Google Pay
NKORD01646,2023-06-04,NK008,Latin America,Retail,1,10,112.5,26.56,46,Male,Cash
NKORD01647,2025-06-11,NK011,Middle East & Africa,Retail,4,20,496.0,145.11,40,Female,Credit Card
NKORD01648,2025-09-10,NK001,Latin America,Retail,1,20,92.0,19.37,24,Male,NetBanking
NKORD01649,2024-01-11,NK011,Asia-Pacific,Online,1,40,93.0,17.04,30,Male,Cash
NKORD01650,2023-07-20,NK019,Asia-Pacific,Wholesale,5,5,95.0,24.41,27,Male,NetBanking
NKORD01651,2024-02-20,NK016,Europe,Online,4,0,160.0,45.85,26,Female,Debit Card
NKORD01652,2024-08-16,NK002,North America,Wholesale,2,10,243.0,67.18,34,Male,Credit Card
NKORD01653,2023-11-05,NK009,Europe,Online,3,10,86.4,20.23,29,Female,Credit Card
NKORD01654,2024-05-01,NK014,North America,Outlet,2,5,218.5,53.63,39,Male,PayPal
NKORD01655,2023-08-17,NK001,Latin America,Retail,4,10,414.0,96.03,35,Female,PayPal
NKORD01656,2024-05-08,NK002,Middle East & Africa,Wholesale,4,5,513.0,128.25,44,Male,UPI
NKORD01657,2024-02-19,NK020,Asia-Pacific,Online,2,10,54.0,11.46,26,Female,Apple Pay
NKORD01658,2025-05-15,NK008,North America,Retail,3,5,356.25,88.17,23,Female,Debit Card
NKORD01659,2024-09-08,NK003,Latin America,Online,5,20,760.0,238.02,29,Female,NetBanking
NKORD01660,2023-11-26,NK012,North America,Online,4,0,120.0,39.39,43,Other,UPI
NKORD01661,2024-12-06,NK014,Europe,Retail,1,10,103.5,25.74,30,Female,NetBanking
NKORD01662,2025-05-10,NK014,North America,Wholesale,1,0,115.0,25.49,23,Female,Debit Card
NKORD01663,2023-02-28,NK005,Latin America,Retail,2,20,272.0,61.0,26,Male,Credit Card
NKORD01664,2025-03-24,NK003,North America,Outlet,5,20,760.0,147.97,27,Male,Credit Card
NKORD01665,2024-12-25,NK008,Europe,Retail,3,20,300.0,103.08,34,Female,Apple Pay
NKORD01666,2025-03-24,NK002,North America,Outlet,3,40,243.0,48.63,24,Male,Debit Card
NKORD01667,2023-02-09,NK003,Asia-Pacific,Online,3,40,342.0,78.61,19,Female,Google Pay
NKORD01668,2023-03-26,NK002,Latin America,Retail,1,10,121.5,38.83,31,Female,Credit Card
NKORD01669,2024-09-03,NK018,Latin America,Online,3,5,79.8,20.81,19,Female,UPI
NKORD01670,2025-09-20,NK009,North America,Online,2,40,38.4,6.63,29,Male,Credit Card
NKORD01671,2023-11-27,NK019,Middle East & Africa,Online,4,5,76.0,19.53,36,Male,Google Pay
NKORD01672,2023-07-23,NK013,North America,Online,1,0,125.0,33.66,27,Female,Apple Pay
NKORD01673,2024-03-05,NK001,Middle East & Africa,Outlet,3,10,310.5,91.53,18,Male,Credit Card
NKORD01674,2024-07-22,NK017,North America,Online,3,5,142.5,44.71,18,Female,PayPal
NKORD01675,2023-11-03,NK002,Europe,Online,5,5,641.25,195.49,24,Male,Debit Card
NKORD01676,2024-08-27,NK018,Latin America,Wholesale,2,10,50.4,11.6,28,Male,Credit Card
NKORD01677,2023-09-23,NK020,Middle East & Africa,Wholesale,2,20,48.0,11.36,23,Male,Credit Card
NKORD01678,2024-12-01,NK013,Middle East & Africa,Retail,4,20,400.0,92.34,24,Male,UPI
NKORD01679,2024-05-31,NK002,Asia-Pacific,Outlet,3,10,364.5,87.2,27,Male,Debit Card
NKORD01680,2023-06-14,NK005,Middle East & Africa,Online,2,10,306.0,109.79,19,Male,Credit Card
NKORD01681,2024-02-06,NK004,Latin America,Retail,2,5,228.0,58.65,31,Male,Google Pay
NKORD01682,2025-08-22,NK002,North America,Online,1,10,121.5,30.49,45,Female,Apple Pay
NKORD01683,2025-05-03,NK010,Asia-Pacific,Online,3,0,195.0,60.39,41,Other,PayPal
NKORD01684,2024-05-06,NK015,Europe,Outlet,5,10,126.0,29.04,20,Male,PayPal
NKORD01685,2024-11-15,NK010,Middle East & Africa,Retail,5,0,325.0,81.88,30,Female,Debit Card
NKORD01686,2023-01-19,NK017,Europe,Retail,2,5,95.0,23.64,26,Female,Cash
NKORD01687,2025-09-16,NK015,North America,Online,4,5,106.4,33.06,35,Male,PayPal
NKORD01688,2023-02-01,NK018,Asia-Pacific,Wholesale,1,40,16.8,2.93,38,Male,NetBanking
NKORD01689,2024-12-07,NK008,Asia-Pacific,Online,1,0,125.0,35.65,48,Male,UPI
NKORD01690,2024-03-30,NK004,Asia-Pacific,Retail,3,5,342.0,121.55,37,Male,Google Pay
NKORD01691,2024-09-14,NK002,Asia-Pacific,Outlet,5,10,607.5,185.19,27,Female,UPI
NKORD01692,2025-05-10,NK012,Middle East & Africa,Online,2,0,60.0,16.23,18,Female,Google Pay
NKORD01693,2023-10-09,NK005,Latin America,Online,1,5,161.5,59.19,37,Male,UPI
NKORD01694,2024-11-13,NK004,Asia-Pacific,Retail,3,10,324.0,97.89,36,Female,Cash
NKORD01695,2024-03-24,NK018,Asia-Pacific,Wholesale,1,0,28.0,7.19,35,Male,Credit Card
NKORD01696,2023-07-12,NK007,North America,Online,6,5,940.5,255.5,27,Male,Credit Card
NKORD01697,2024-10-16,NK018,North America,Retail,1,0,28.0,8.35,34,Male,PayPal
NKORD01698,2025-07-27,NK003,Europe,Outlet,3,5,541.5,176.52,18,Male,NetBanking
NKORD01699,2025-03-16,NK009,Europe,Outlet,3,0,96.0,22.6,32,Male,NetBanking
NKORD01700,2024-10-26,NK002,Europe,Online,5,5,641.25,223.78,26,Female,UPI
NKORD01701,2024-12-21,NK001,Middle East & Africa,Online,5,5,546.25,172.55,18,Male,Credit Card
NKORD01702,2025-04-01,NK008,Europe,Retail,5,5,593.75,175.44,32,Male,Credit Card
NKORD01703,2024-07-25,NK018,Latin America,Outlet,2,5,53.2,17.21,25,Male,Credit Card
NKORD01704,2024-06-29,NK019,Middle East & Africa,Online,4,5,76.0,20.98,43,Male,Debit Card
NKORD01705,2024-10-16,NK011,North America,Retail,1,10,139.5,49.34,51,Male,Debit Card
NKORD01706,2025-05-21,NK019,Middle East & Africa,Retail,3,40,36.0,4.32,36,Male,Debit Card
NKORD01707,2025-09-22,NK006,Middle East & Africa,Retail,3,5,413.25,113.88,33,Male,Credit Card
NKORD01708,2023-07-12,NK009,Europe,Retail,1,5,30.4,9.17,28,Male,PayPal
NKORD01709,2025-09-13,NK016,North America,Retail,6,20,192.0,55.09,35,Other,Credit Card
NKORD01710,2024-07-26,NK006,Asia-Pacific,Wholesale,4,10,522.0,164.83,32,Female,UPI
NKORD01711,2023-05-11,NK002,Europe,Online,2,10,243.0,83.08,18,Male,NetBanking
NKORD01712,2023-12-30,NK007,Middle East & Africa,Retail,6,5,940.5,289.58,31,Male,UPI
NKORD01713,2024-07-01,NK003,Europe,Online,3,5,541.5,155.85,36,Female,PayPal
NKORD01714,2023-03-19,NK010,Europe,Online,3,10,175.5,50.67,36,Male,Credit Card
NKORD01715,2024-01-02,NK011,Asia-Pacific,Outlet,1,0,155.0,39.76,19,Other,Credit Card
NKORD01716,2023-09-09,NK008,Asia-Pacific,Online,1,5,118.75,42.93,25,Female,Credit Card
NKORD01717,2024-11-22,NK007,North America,Retail,5,0,825.0,232.5,35,Other,NetBanking
NKORD01718,2024-12-02,NK004,Europe,Retail,1,5,114.0,36.43,18,Male,Credit Card
NKORD01719,2023-09-30,NK012,Europe,Retail,1,0,30.0,7.59,20,Male,NetBanking
NKORD01720,2023-02-25,NK015,Europe,Online,3,5,79.8,22.84,35,Male,Apple Pay
NKORD01721,2025-01-10,NK004,North America,Outlet,3,0,360.0,98.44,32,Male,Credit Card
NKORD01722,2023-03-23,NK016,Middle East & Africa,Retail,2,10,72.0,22.18,28,Male,UPI
NKORD01723,2024-04-20,NK002,North America,Online,7,10,850.5,270.1,39,Female,Apple Pay
NKORD01724,2023-02-14,NK006,North America,Outlet,1,20,116.0,31.1,26,Male,Debit Card
NKORD01725,2023-07-18,NK020,Latin America,Online,2,10,54.0,10.62,23,Male,UPI
NKORD01726,2023-01-04,NK013,Europe,Outlet,2,0,250.0,83.09,33,Female,Google Pay
NKORD01727,2023-10-17,NK002,Asia-Pacific,Retail,5,0,675.0,198.42,28,Female,Credit Card
NKORD01728,2024-08-15,NK004,Latin America,Wholesale,6,20,576.0,152.12,27,Male,PayPal
NKORD01729,2025-08-20,NK002,North America,Retail,3,5,384.75,139.85,18,Female,Credit Card
NKORD01730,2025-02-15,NK001,North America,Retail,3,10,310.5,79.94,41,Male,Debit Card
NKORD01731,2025-06-29,NK018,Europe,Retail,3,5,79.8,26.72,48,Female,Credit Card
NKORD01732,2023-10-20,NK012,North America,Online,2,5,57.0,17.41,35,Male,Apple Pay
NKORD01733,2023-07-03,NK012,North America,Outlet,2,0,60.0,13.57,35,Male,PayPal
NKORD01734,2024-05-26,NK019,Europe,Online,2,5,38.0,12.79,29,Male,PayPal
NKORD01735,2025-09-02,NK008,Asia-Pacific,Online,4,10,450.0,136.0,28,Male,Apple Pay
NKORD01736,2024-12-11,NK016,Europe,Online,3,5,114.0,33.51,31,Female,NetBanking
NKORD01737,2025-07-22,NK018,North America,Retail,1,20,22.4,5.96,25,Female,PayPal
NKORD01738,2025-08-27,NK015,Asia-Pacific,Retail,1,20,22.4,6.33,47,Female,Credit Card
NKORD01739,2024-05-21,NK010,North America,Online,2,20,104.0,24.15,38,Female,Apple Pay
NKORD01740,2023-11-25,NK014,Asia-Pacific,Online,2,10,207.0,64.12,37,Male,Debit Card
NKORD01741,2023-11-26,NK016,North America,Wholesale,2,5,76.0,13.72,42,Female,Google Pay
NKORD01742,2023-01-09,NK003,Asia-Pacific,Online,3,5,541.5,181.06,39,Male,PayPal
NKORD01743,2024-03-20,NK016,Europe,Online,2,20,64.0,12.57,34,Male,Credit Card
NKORD01744,2025-09-29,NK007,Asia-Pacific,Retail,3,0,495.0,191.68,40,Female,Credit Card
NKORD01745,2024-11-09,NK002,Asia-Pacific,Retail,6,40,486.0,99.42,31,Female,Cash
NKORD01746,2024-07-09,NK012,Europe,Online,3,10,81.0,18.99,28,Male,Credit Card
NKORD01747,2023-10-04,NK006,North America,Online,4,0,580.0,176.31,42,Male,Credit Card
NKORD01748,2023-03-05,NK001,Middle East & Africa,Retail,3,10,310.5,93.48,28,Female,NetBanking
NKORD01749,2023-11-16,NK007,Middle East & Africa,Online,2,0,330.0,104.39,25,Male,PayPal
NKORD01750,2024-12-25,NK007,Asia-Pacific,Wholesale,1,0,165.0,50.1,44,Female,Credit Card
NKORD01751,2023-03-11,NK017,North America,Online,2,20,80.0,16.08,20,Other,UPI
NKORD01752,2024-11-01,NK002,Latin America,Retail,2,5,256.5,65.25,47,Female,Google Pay
NKORD01753,2025-09-21,NK011,Middle East & Africa,Wholesale,1,5,147.25,47.76,18,Female,UPI
NKORD01754,2025-07-08,NK003,Asia-Pacific,Outlet,1,20,152.0,39.32,31,Male,Debit Card
NKORD01755,2023-08-28,NK014,North America,Wholesale,3,5,327.75,91.94,18,Female,Cash
NKORD01756,2024-07-07,NK005,Latin America,Online,2,20,272.0,68.95,45,Male,PayPal
NKORD01757,2024-08-28,NK008,Asia-Pacific,Online,2,0,250.0,80.22,22,Male,UPI
NKORD01758,2025-05-19,NK007,Europe,Retail,5,20,660.0,156.77,33,Male,PayPal
NKORD01759,2023-05-09,NK019,Europe,Wholesale,1,10,18.0,4.17,33,Male,Credit Card
NKORD01760,2024-11-19,NK004,Middle East & Africa,Wholesale,1,20,96.0,21.56,24,Male,NetBanking
NKORD01761,2025-08-31,NK005,Europe,Online,4,20,544.0,140.47,32,Male,Credit Card
NKORD01762,2024-10-08,NK006,Middle East & Africa,Outlet,3,5,413.25,94.39,30,Female,NetBanking
NKORD01763,2024-11-13,NK010,Asia-Pacific,Online,2,10,117.0,31.74,34,Male,UPI
NKORD01764,2025-05-08,NK004,North America,Online,1,0,120.0,36.7,42,Female,PayPal
NKORD01765,2025-08-13,NK006,Asia-Pacific,Outlet,1,5,137.75,37.95,18,Male,PayPal
NKORD01766,2023-03-05,NK009,North America,Outlet,1,5,30.4,9.53,28,Other,Google Pay
NKORD01767,2023-02-03,NK015,North America,Online,3,20,67.2,13.32,33,Male,Google Pay
NKORD01768,2025-06-05,NK014,Europe,Retail,4,10,414.0,95.3,35,Male,Debit Card
NKORD01769,2024-05-23,NK003,Asia-Pacific,Retail,5,20,760.0,224.39,51,Female,NetBanking
NKORD01770,2025-02-15,NK019,Latin America,Outlet,2,40,24.0,2.88,35,Female,Google Pay
NKORD01771,2023-11-20,NK016,Europe,Wholesale,3,0,120.0,35.72,35,Male,PayPal
NKORD01772,2025-07-14,NK001,Asia-Pacific,Retail,7,5,764.75,276.97,37,Female,Credit Card
NKORD01773,2024-07-06,NK003,North America,Retail,1,5,180.5,56.63,45,Male,Cash
NKORD01774,2024-10-27,NK005,Latin America,Online,4,40,408.0,61.09,30,Male,Credit Card
NKORD01775,2024-08-13,NK017,North America,Wholesale,3,20,120.0,19.91,38,Male,Apple Pay
NKORD01776,2025-06-11,NK005,Europe,Online,3,5,484.5,158.63,39,Male,Credit Card
NKORD01777,2024-01-08,NK002,Asia-Pacific,Outlet,4,0,540.0,183.58,23,Male,Google Pay
NKORD01778,2025-03-15,NK004,Latin America,Retail,2,10,216.0,69.8,43,Female,Credit Card
NKORD01779,2025-08-08,NK007,Middle East & Africa,Wholesale,5,10,742.5,196.35,28,Female,Debit Card
NKORD01780,2025-06-05,NK009,Latin America,Outlet,1,10,28.8,7.03,33,Female,Debit Card
NKORD01781,2024-02-15,NK016,North America,Online,3,10,108.0,23.74,18,Other,UPI
NKORD01782,2023-07-13,NK001,Middle East & Africa,Online,4,0,460.0,156.07,29,Male,PayPal
NKORD01783,2024-07-17,NK008,Europe,Retail,1,10,112.5,30.08,25,Female,Debit Card
NKORD01784,2023-07-11,NK012,Latin America,Retail,2,10,54.0,12.54,32,Male,UPI
NKORD01785,2024-10-07,NK001,Middle East & Africa,Retail,1,0,115.0,30.95,25,Male,Apple Pay
NKORD01786,2024-10-03,NK012,Latin America,Wholesale,2,0,60.0,13.65,31,Female,Credit Card
NKORD01787,2023-09-11,NK017,North America,Online,2,0,100.0,26.93,26,Male,Google Pay
NKORD01788,2025-06-19,NK011,Europe,Online,1,10,139.5,43.58,32,Female,Debit Card
NKORD01789,2023-09-09,NK002,Middle East & Africa,Online,2,5,256.5,79.13,42,Female,UPI
NKORD01790,2024-02-14,NK013,North America,Wholesale,2,10,225.0,48.82,42,Female,Google Pay
NKORD01791,2024-04-13,NK007,Latin America,Online,2,0,330.0,131.11,31,Female,Cash
NKORD01792,2024-07-21,NK005,Europe,Outlet,3,0,510.0,185.57,32,Male,Debit Card
NKORD01793,2025-04-28,NK003,Middle East & Africa,Online,2,20,304.0,71.62,39,Male,Credit Card
NKORD01794,2025-08-03,NK010,Latin America,Retail,1,5,61.75,21.09,24,Other,Debit Card
NKORD01795,2023-06-27,NK009,Europe,Online,1,5,30.4,7.23,26,Female,Cash
NKORD01796,2025-04-21,NK014,North America,Wholesale,4,10,414.0,100.17,50,Male,PayPal
NKORD01797,2024-01-27,NK004,Latin America,Online,4,0,480.0,132.71,38,Male,Debit Card
NKORD01798,2024-12-26,NK010,Europe,Retail,2,10,117.0,25.97,41,Female,UPI
NKORD01799,2024-03-19,NK008,Asia-Pacific,Retail,1,5,118.75,31.32,31,Male,UPI
NKORD01800,2025-04-24,NK014,Latin America,Retail,4,20,368.0,70.07,50,Other,NetBanking
NKORD01801,2024-01-16,NK019,North America,Retail,1,40,12.0,2.28,30,Female,UPI
NKORD01802,2023-11-09,NK006,Latin America,Online,3,5,413.25,134.12,45,Female,UPI
NKORD01803,2023-01-21,NK004,Asia-Pacific,Retail,4,5,456.0,134.56,25,Female,Credit Card
NKORD01804,2023-01-22,NK019,Latin America,Outlet,3,5,57.0,11.69,18,Female,Cash
NKORD01805,2023-12-08,NK015,Europe,Online,3,5,79.8,16.81,21,Female,Debit Card
NKORD01806,2025-05-16,NK001,North America,Online,4,5,437.0,146.29,37,Female,NetBanking
NKORD01807,2023-11-29,NK019,Europe,Online,3,0,60.0,17.25,35,Female,UPI
NKORD01808,2024-04-11,NK003,Europe,Wholesale,2,5,361.0,121.71,19,Female,Credit Card
NKORD01809,2024-11-07,NK004,North America,Retail,7,10,756.0,238.86,18,Male,Google Pay
NKORD01810,2025-09-11,NK014,Latin America,Online,6,5,655.5,209.44,49,Female,PayPal
NKORD01811,2024-02-12,NK006,Latin America,Retail,2,20,232.0,71.71,26,Female,Debit Card
NKORD01812,2024-01-30,NK002,Europe,Outlet,5,0,675.0,242.16,35,Male,Apple Pay
NKORD01813,2024-06-01,NK019,Middle East & Africa,Wholesale,4,10,72.0,17.19,38,Male,PayPal
NKORD01814,2024-12-28,NK011,North America,Retail,2,20,248.0,64.91,20,Male,Credit Card
NKORD01815,2024-09-17,NK011,North America,Retail,5,10,697.5,152.42,28,Female,PayPal
NKORD01816,2023-08-10,NK017,North America,Online,1,10,45.0,9.7,18,Female,Credit Card
NKORD01817,2024-02-17,NK010,Europe,Wholesale,1,10,58.5,15.22,29,Male,Credit Card
NKORD01818,2023-11-28,NK009,Europe,Retail,3,0,96.0,34.19,31,Male,Credit Card
NKORD01819,2025-06-17,NK007,Europe,Retail,1,20,132.0,43.54,21,Male,Debit Card
NKORD01820,2025-07-19,NK015,Asia-Pacific,Wholesale,3,0,84.0,20.05,18,Female,Credit Card
NKORD01821,2023-03-26,NK017,North America,Outlet,5,0,250.0,82.93,18,Male,UPI
NKORD01822,2023-01-03,NK013,North America,Outlet,5,10,562.5,168.09,23,Male,Debit Card
NKORD01823,2024-08-06,NK003,Asia-Pacific,Online,2,20,304.0,74.47,42,Female,UPI
NKORD01824,2024-01-09,NK018,Europe,Online,4,20,89.6,16.85,27,Female,Google Pay
NKORD01825,2023-09-21,NK015,Europe,Online,1,10,25.2,5.05,30,Male,Debit Card
NKORD01826,2024-08-18,NK001,Europe,Online,4,5,437.0,143.23,20,Female,Apple Pay
NKORD01827,2025-01-18,NK006,Europe,Online,5,5,688.75,183.72,18,Female,Debit Card
NKORD01828,2024-01-18,NK020,Asia-Pacific,Online,3,5,85.5,24.35,35,Male,Credit Card
NKORD01829,2025-09-11,NK012,Latin America,Online,1,0,30.0,9.2,31,Female,Apple Pay
NKORD01830,2023-05-12,NK006,Asia-Pacific,Online,2,5,275.5,85.17,39,Female,UPI
NKORD01831,2025-06-29,NK001,North America,Retail,2,10,207.0,74.0,22,Female,Credit Card
NKORD01832,2024-12-04,NK016,Latin America,Outlet,3,40,72.0,15.8,21,Male,UPI
NKORD01833,2023-01-12,NK008,Asia-Pacific,Outlet,4,5,475.0,159.22,35,Male,Credit Card
NKORD01834,2023-10-19,NK008,Asia-Pacific,Outlet,2,10,225.0,75.48,38,Female,NetBanking
NKORD01835,2025-03-15,NK006,Latin America,Online,4,10,522.0,191.79,18,Male,PayPal
NKORD01836,2024-04-10,NK018,Asia-Pacific,Retail,4,10,100.8,20.0,18,Female,Credit Card
NKORD01837,2023-12-26,NK018,Europe,Wholesale,3,20,67.2,15.48,30,Female,Credit Card
NKORD01838,2024-07-04,NK019,Latin America,Outlet,6,5,114.0,22.63,32,Female,PayPal
NKORD01839,2023-01-30,NK002,Europe,Online,4,20,432.0,94.32,23,Male,Credit Card
NKORD01840,2024-11-27,NK004,Asia-Pacific,Online,3,40,216.0,38.79,21,Male,Debit Card
NKORD01841,2025-03-11,NK009,Asia-Pacific,Retail,2,5,60.8,18.43,47,Male,UPI
NKORD01842,2024-08-03,NK007,North America,Outlet,2,5,313.5,106.4,19,Female,UPI
NKORD01843,2025-01-16,NK020,Asia-Pacific,Retail,6,5,171.0,56.4,39,Male,PayPal
NKORD01844,2024-06-03,NK018,North America,Online,2,10,50.4,10.98,37,Female,Credit Card
NKORD01845,2025-03-21,NK002,Europe,Retail,5,20,540.0,158.79,33,Male,Apple Pay
NKORD01846,2024-07-05,NK006,Asia-Pacific,Online,1,10,130.5,39.75,28,Female,UPI
NKORD01847,2023-03-25,NK004,North America,Retail,5,0,600.0,162.33,33,Female,NetBanking
NKORD01848,2024-02-29,NK008,Latin America,Retail,5,0,625.0,249.69,26,Male,UPI
NKORD01849,2023-03-22,NK001,Asia-Pacific,Online,2,20,184.0,57.9,32,Female,Credit Card
NKORD01850,2024-05-31,NK017,Europe,Retail,3,5,142.5,30.32,30,Female,Credit Card
NKORD01851,2023-07-12,NK008,Latin America,Retail,2,20,200.0,65.2,37,Female,NetBanking
NKORD01852,2024-02-05,NK014,Asia-Pacific,Wholesale,2,10,207.0,42.95,35,Male,UPI
NKORD01853,2024-11-07,NK006,Europe,Retail,2,10,261.0,77.72,18,Male,Apple Pay
NKORD01854,2023-06-18,NK016,Asia-Pacific,Retail,1,10,36.0,9.23,33,Other,Apple Pay
NKORD01855,2025-07-10,NK008,Europe,Online,3,5,356.25,132.34,36,Male,Apple Pay
NKORD01856,2023-02-20,NK005,Asia-Pacific,Retail,2,0,340.0,111.26,18,Male,UPI
NKORD01857,2025-05-11,NK019,Europe,Online,4,0,80.0,26.75,37,Male,UPI
NKORD01858,2024-05-02,NK009,Latin America,Online,4,5,121.6,33.15,18,Male,Debit Card
NKORD01859,2025-02-27,NK001,Latin America,Online,2,10,207.0,71.03,18,Female,Credit Card
NKORD01860,2024-08-12,NK012,Latin America,Retail,3,0,90.0,30.42,18,Male,Credit Card
NKORD01861,2025-08-19,NK001,Asia-Pacific,Retail,2,5,218.5,55.38,31,Male,PayPal
NKORD01862,2025-06-30,NK003,Europe,Online,1,10,171.0,57.57,20,Female,Debit Card
NKORD01863,2025-02-03,NK015,North America,Online,7,0,196.0,65.15,43,Female,Credit Card
NKORD01864,2024-01-26,NK019,North America,Online,2,5,38.0,11.21,31,Female,Cash
NKORD01865,2023-12-07,NK001,Asia-Pacific,Retail,1,0,115.0,37.6,32,Female,UPI
NKORD01866,2023-02-20,NK014,Latin America,Online,2,5,218.5,48.54,31,Female,UPI
NKORD01867,2025-01-31,NK013,Asia-Pacific,Online,2,20,200.0,58.1,37,Female,UPI
NKORD01868,2025-08-03,NK020,North America,Retail,2,20,48.0,8.92,36,Male,Apple Pay
NKORD01869,2024-10-17,NK009,Europe,Retail,5,20,128.0,27.11,52,Male,Credit Card
NKORD01870,2024-12-11,NK017,North America,Online,1,20,40.0,6.68,19,Male,Credit Card
NKORD01871,2024-03-29,NK012,Asia-Pacific,Online,2,5,57.0,19.97,44,Female,NetBanking
NKORD01872,2023-04-12,NK018,Asia-Pacific,Retail,1,20,22.4,5.21,41,Male,Apple Pay
NKORD01873,2023-07-06,NK004,Asia-Pacific,Outlet,3,10,324.0,66.85,30,Female,Apple Pay
NKORD01874,2023-11-01,NK014,North America,Retail,1,5,109.25,40.07,28,Female,Credit Card
NKORD01875,2024-05-13,NK018,Asia-Pacific,Retail,7,10,176.4,43.31,24,Male,UPI
NKORD01876,2023-06-20,NK007,Europe,Online,2,5,313.5,82.39,31,Female,NetBanking
NKORD01877,2023-05-29,NK018,Asia-Pacific,Online,3,5,79.8,21.31,31,Female,Credit Card
NKORD01878,2025-03-03,NK005,Middle East & Africa,Retail,1,10,153.0,48.73,22,Female,UPI
NKORD01879,2024-08-17,NK001,Europe,Retail,2,10,207.0,52.06,47,Female,PayPal
NKORD01880,2023-10-28,NK020,Middle East & Africa,Outlet,3,5,85.5,18.04,35,Female,PayPal
NKORD01881,2024-08-20,NK003,Latin America,Online,3,5,541.5,150.56,34,Male,UPI
NKORD01882,2023-02-03,NK019,Asia-Pacific,Outlet,5,5,95.0,28.28,38,Female,PayPal
NKORD01883,2024-07-31,NK018,Middle East & Africa,Outlet,4,0,112.0,23.82,36,Male,Credit Card
NKORD01884,2023-06-21,NK018,Middle East & Africa,Retail,3,0,84.0,25.25,18,Other,UPI
NKORD01885,2025-08-04,NK007,Asia-Pacific,Outlet,6,20,792.0,178.22,33,Female,PayPal
NKORD01886,2025-02-25,NK015,Asia-Pacific,Retail,4,10,100.8,20.08,37,Male,Debit Card
NKORD01887,2023-03-03,NK011,Middle East & Africa,Online,4,5,589.0,151.92,34,Male,NetBanking
NKORD01888,2023-05-30,NK013,North America,Wholesale,2,0,250.0,71.46,24,Female,Credit Card
NKORD01889,2025-02-15,NK003,Europe,Retail,4,0,760.0,282.3,36,Female,NetBanking
NKORD01890,2023-11-30,NK014,Middle East & Africa,Retail,3,0,345.0,90.12,29,Male,Apple Pay
NKORD01891,2023-08-15,NK015,Asia-Pacific,Outlet,2,5,53.2,11.87,33,Male,PayPal
NKORD01892,2025-01-11,NK019,Asia-Pacific,Online,2,10,36.0,7.19,39,Male,UPI
NKORD01893,2024-06-13,NK018,Latin America,Retail,1,10,25.2,6.38,18,Male,Apple Pay
NKORD01894,2023-01-25,NK017,Asia-Pacific,Wholesale,1,10,45.0,7.83,19,Female,UPI
NKORD01895,2024-12-14,NK012,Middle East & Africa,Wholesale,7,0,210.0,62.2,26,Male,Credit Card
NKORD01896,2023-10-08,NK020,Latin America,Online,2,0,60.0,21.35,37,Male,UPI
NKORD01897,2025-07-10,NK007,Latin America,Online,5,0,825.0,218.49,34,Female,Debit Card
NKORD01898,2024-06-13,NK013,Asia-Pacific,Online,4,20,400.0,104.45,30,Male,PayPal
NKORD01899,2024-03-18,NK012,Europe,Online,6,20,144.0,33.58,31,Female,Google Pay
NKORD01900,2023-01-24,NK001,Latin America,Outlet,2,5,218.5,73.88,25,Female,Debit Card
NKORD01901,2023-01-28,NK005,Latin America,Online,3,20,408.0,95.95,39,Female,Credit Card
NKORD01902,2023-02-10,NK008,Latin America,Online,2,10,225.0,58.48,32,Male,Debit Card
NKORD01903,2023-08-24,NK012,Latin America,Online,2,10,54.0,12.78,28,Male,Debit Card
NKORD01904,2023-10-29,NK002,Asia-Pacific,Retail,1,10,121.5,28.7,34,Female,PayPal
NKORD01905,2023-12-11,NK011,Asia-Pacific,Wholesale,3,5,441.75,143.29,40,Female,Credit Card
NKORD01906,2023-05-25,NK012,Latin America,Retail,6,10,162.0,46.9,21,Other,NetBanking
NKORD01907,2024-12-03,NK012,Latin America,Retail,1,0,30.0,8.49,38,Female,UPI
NKORD01908,2025-01-04,NK010,Asia-Pacific,Retail,6,10,351.0,89.43,34,Female,PayPal
NKORD01909,2024-04-21,NK002,Middle East & Africa,Retail,2,10,243.0,75.17,31,Male,Credit Card
NKORD01910,2025-03-13,NK014,North America,Retail,2,5,218.5,79.59,33,Female,Credit Card
NKORD01911,2024-01-22,NK003,North America,Retail,3,0,570.0,204.89,34,Male,Debit Card
NKORD01912,2024-02-09,NK001,Europe,Retail,6,5,655.5,207.77,33,Female,UPI
NKORD01913,2024-06-16,NK001,Latin America,Online,3,40,207.0,58.38,45,Female,Cash
NKORD01914,2025-04-05,NK010,Europe,Retail,1,0,65.0,19.82,29,Female,Debit Card
NKORD01915,2023-07-12,NK016,Middle East & Africa,Online,2,20,64.0,11.67,28,Male,Apple Pay
NKORD01916,2025-01-22,NK015,Europe,Retail,3,40,50.4,8.6,40,Male,Google Pay
NKORD01917,2023-02-11,NK011,Europe,Retail,3,5,441.75,113.63,34,Male,Cash
NKORD01918,2024-10-04,NK015,Latin America,Retail,5,5,133.0,37.71,43,Female,Credit Card
NKORD01919,2023-10-20,NK007,Europe,Online,3,40,297.0,81.49,36,Male,Google Pay
NKORD01920,2024-11-29,NK009,Asia-Pacific,Outlet,1,10,28.8,8.14,35,Male,Google Pay
NKORD01921,2025-04-06,NK003,Latin America,Retail,4,5,722.0,233.92,32,Female,UPI
NKORD01922,2023-10-25,NK014,Latin America,Outlet,3,0,345.0,78.16,30,Male,Credit Card
NKORD01923,2024-05-13,NK004,Middle East & Africa,Online,4,0,480.0,166.93,42,Male,Debit Card
NKORD01924,2024-04-03,NK002,North America,Retail,6,5,769.5,284.82,32,Male,Google Pay
NKORD01925,2024-10-04,NK016,Asia-Pacific,Outlet,1,0,40.0,8.55,37,Female,UPI
NKORD01926,2023-01-06,NK019,Asia-Pacific,Retail,2,10,36.0,9.02,50,Female,UPI
NKORD01927,2023-07-15,NK010,Middle East & Africa,Online,3,10,175.5,44.02,32,Female,Cash
NKORD01928,2024-06-30,NK005,Asia-Pacific,Online,5,10,765.0,231.43,37,Male,Credit Card
NKORD01929,2025-07-28,NK006,Europe,Wholesale,3,5,413.25,138.15,37,Male,Credit Card
NKORD01930,2025-05-23,NK009,Europe,Wholesale,1,10,28.8,8.44,22,Female,Credit Card
NKORD01931,2023-06-15,NK019,Asia-Pacific,Retail,6,5,114.0,32.18,45,Male,Google Pay
NKORD01932,2024-01-30,NK018,Europe,Wholesale,3,10,75.6,22.83,38,Male,Google Pay
NKORD01933,2024-04-13,NK008,Europe,Outlet,1,0,125.0,45.43,34,Male,Credit Card
NKORD01934,2024-12-16,NK015,Middle East & Africa,Online,4,5,106.4,35.57,22,Female,NetBanking
NKORD01935,2024-02-14,NK008,North America,Online,2,40,150.0,22.65,26,Male,Credit Card
NKORD01936,2023-02-02,NK016,North America,Retail,3,5,114.0,25.74,41,Male,UPI
NKORD01937,2023-12-08,NK002,Asia-Pacific,Online,4,0,540.0,150.98,41,Male,Credit Card
NKORD01938,2023-09-18,NK009,Asia-Pacific,Online,5,10,144.0,48.27,29,Male,PayPal
NKORD01939,2024-11-28,NK011,Europe,Wholesale,1,5,147.25,41.69,29,Male,Debit Card
NKORD01940,2023-10-19,NK020,Europe,Retail,3,0,90.0,24.72,23,Female,Credit Card
NKORD01941,2023-05-17,NK019,Europe,Online,3,5,57.0,19.03,22,Female,Debit Card
NKORD01942,2024-07-31,NK016,Europe,Online,2,10,72.0,23.94,18,Female,Cash
NKORD01943,2023-05-17,NK012,Latin America,Wholesale,2,0,60.0,17.86,30,Male,UPI
NKORD01944,2024-04-10,NK006,Europe,Wholesale,3,20,348.0,77.32,40,Male,Google Pay
NKORD01945,2023-10-16,NK017,Asia-Pacific,Retail,1,0,50.0,12.29,34,Male,Debit Card
NKORD01946,2023-01-20,NK001,Middle East & Africa,Retail,4,0,460.0,153.05,28,Male,NetBanking
NKORD01947,2025-04-19,NK002,Latin America,Online,5,10,607.5,215.02,20,Male,Credit Card
NKORD01948,2024-05-06,NK001,North America,Wholesale,2,10,207.0,49.2,26,Female,Debit Card
NKORD01949,2024-11-09,NK010,Asia-Pacific,Outlet,6,5,370.5,88.59,18,Male,Credit Card
NKORD01950,2024-01-09,NK009,Middle East & Africa,Online,3,10,86.4,19.95,29,Female,UPI
NKORD01951,2024-12-09,NK002,Asia-Pacific,Online,2,0,270.0,79.24,31,Male,UPI
NKORD01952,2024-11-01,NK014,North America,Wholesale,1,40,69.0,8.88,19,Female,Debit Card
NKORD01953,2024-10-04,NK018,North America,Online,2,10,50.4,11.52,18,Female,Google Pay
NKORD01954,2024-11-19,NK007,Asia-Pacific,Online,1,0,165.0,49.8,43,Male,UPI
NKORD01955,2024-11-21,NK008,Asia-Pacific,Online,2,5,237.5,67.78,18,Female,Credit Card
NKORD01956,2024-07-31,NK015,Asia-Pacific,Online,2,10,50.4,10.42,36,Male,Credit Card
NKORD01957,2025-03-13,NK011,Middle East & Africa,Online,6,10,837.0,218.82,27,Male,Credit Card
NKORD01958,2024-07-09,NK015,North America,Outlet,2,40,33.6,4.03,42,Male,Cash
NKORD01959,2025-07-21,NK015,Europe,Retail,2,20,44.8,7.65,19,Male,Credit Card
NKORD01960,2025-04-09,NK016,Latin America,Online,4,0,160.0,47.09,37,Female,UPI
NKORD01961,2024-11-24,NK016,Middle East & Africa,Retail,3,5,114.0,30.46,24,Female,NetBanking
NKORD01962,2023-01-22,NK012,Europe,Retail,3,10,81.0,18.86,33,Male,Cash
NKORD01963,2024-01-04,NK010,Europe,Retail,1,5,61.75,19.01,64,Female,UPI
NKORD01964,2024-12-24,NK018,Middle East & Africa,Outlet,2,20,44.8,9.71,39,Female,Apple Pay
NKORD01965,2024-05-03,NK019,North America,Retail,5,5,95.0,24.12,32,Female,NetBanking
NKORD01966,2024-06-23,NK015,Latin America,Outlet,4,5,106.4,26.23,40,Female,Credit Card
NKORD01967,2024-09-12,NK007,Europe,Outlet,4,0,660.0,246.29,41,Female,Debit Card
NKORD01968,2024-02-04,NK006,Asia-Pacific,Outlet,2,5,275.5,95.33,31,Male,PayPal
NKORD01969,2024-10-07,NK001,North America,Retail,6,0,690.0,218.85,18,Female,Credit Card
NKORD01970,2025-03-28,NK012,Europe,Outlet,2,5,57.0,11.63,39,Female,UPI
NKORD01971,2023-02-27,NK002,Asia-Pacific,Wholesale,1,20,108.0,29.78,28,Female,Credit Card
NKORD01972,2023-07-13,NK016,Latin America,Online,2,20,64.0,12.58,30,Female,UPI
NKORD01973,2023-10-19,NK012,Asia-Pacific,Online,1,10,27.0,7.39,38,Male,Credit Card
NKORD01974,2024-03-17,NK015,Middle East & Africa,Online,5,5,133.0,31.78,39,Male,Credit Card
NKORD01975,2024-03-31,NK019,Asia-Pacific,Retail,1,5,19.0,5.87,35,Male,Debit Card
NKORD01976,2023-11-29,NK005,Middle East & Africa,Online,3,0,510.0,181.33,25,Male,PayPal
NKORD01977,2023-09-21,NK009,North America,Online,3,5,91.2,22.44,26,Male,UPI
NKORD01978,2025-06-17,NK019,Asia-Pacific,Retail,1,10,18.0,3.88,33,Male,Google Pay
NKORD01979,2025-03-13,NK019,Middle East & Africa,Retail,1,0,20.0,5.79,28,Male,Google Pay
NKORD01980,2023-10-18,NK008,Europe,Wholesale,3,40,225.0,53.54,28,Female,Credit Card
NKORD01981,2024-08-12,NK019,Asia-Pacific,Outlet,2,10,36.0,7.37,28,Male,Apple Pay
NKORD01982,2023-12-26,NK018,Europe,Outlet,5,5,133.0,25.48,29,Female,Google Pay
NKORD01983,2023-07-25,NK003,Asia-Pacific,Retail,3,0,570.0,183.89,37,Female,Debit Card
NKORD01984,2024-04-21,NK001,Middle East & Africa,Outlet,4,20,368.0,74.18,24,Male,PayPal
NKORD01985,2024-10-20,NK004,North America,Retail,6,40,432.0,109.9,53,Male,Cash
NKORD01986,2023-07-27,NK004,Middle East & Africa,Wholesale,2,0,240.0,86.7,49,Female,Credit Card
NKORD01987,2025-09-24,NK015,Asia-Pacific,Online,6,40,100.8,19.6,41,Female,Credit Card
NKORD01988,2023-08-17,NK007,North America,Retail,4,5,627.0,194.34,43,Female,UPI
NKORD01989,2023-12-22,NK019,Europe,Wholesale,2,10,36.0,9.08,32,Male,NetBanking
NKORD01990,2023-02-16,NK005,Asia-Pacific,Online,2,0,340.0,104.98,18,Male,Google Pay
NKORD01991,2023-03-08,NK014,North America,Retail,3,10,310.5,94.62,24,Female,UPI
NKORD01992,2023-02-10,NK001,Europe,Online,4,10,414.0,114.5,35,Male,Credit Card
NKORD01993,2025-05-27,NK016,Asia-Pacific,Online,1,10,36.0,7.21,52,Female,Credit Card
NKORD01994,2024-07-08,NK009,Europe,Outlet,2,20,51.2,8.05,34,Female,PayPal
NKORD01995,2023-08-21,NK010,Asia-Pacific,Outlet,6,10,351.0,92.72,32,Female,UPI
NKORD01996,2023-12-16,NK012,Asia-Pacific,Online,3,10,81.0,27.93,46,Male,Debit Card
NKORD01997,2024-11-20,NK001,Middle East & Africa,Wholesale,2,0,230.0,68.35,39,Other,UPI
NKORD01998,2025-09-13,NK002,Latin America,Online,3,5,384.75,121.87,40,Female,Debit Card
NKORD01999,2025-05-05,NK006,Asia-Pacific,Online,1,10,130.5,43.23,20,Female,Credit Card
NKORD02000,2025-01-30,NK007,Asia-Pacific,Wholesale,2,0,330.0,76.47,20,Male,Credit Card
NKORD02001,2023-05-16,NK005,Asia-Pacific,Retail,1,20,136.0,32.21,57,Female,Credit Card
NKORD02002,2025-09-08,NK004,Asia-Pacific,Outlet,1,0,120.0,43.46,40,Female,UPI
NKORD02003,2023-06-03,NK015,Latin America,Outlet,4,20,89.6,17.39,33,Female,Apple Pay
NKORD02004,2024-01-26,NK010,North America,Retail,4,0,260.0,71.63,18,Male,Credit Card
NKORD02005,2023-05-22,NK019,Latin America,Outlet,4,10,72.0,17.18,34,Female,Credit Card
NKORD02006,2023-10-29,NK016,Europe,Outlet,1,0,40.0,9.7,42,Female,Credit Card
NKORD02007,2024-09-25,NK016,North America,Retail,2,10,72.0,23.94,25,Male,Credit Card
NKORD02008,2024-08-29,NK007,North America,Retail,4,0,660.0,260.67,18,Female,Debit Card
NKORD02009,2023-12-19,NK015,Europe,Online,6,5,159.6,35.09,27,Female,UPI
NKORD02010,2023-12-24,NK006,Middle East & Africa,Wholesale,2,0,290.0,91.82,30,Female,Credit Card
NKORD02011,2025-09-23,NK018,Europe,Retail,2,20,44.8,9.8,27,Male,Credit Card
NKORD02012,2023-09-02,NK007,Asia-Pacific,Wholesale,1,0,165.0,41.39,24,Male,Debit Card
NKORD02013,2023-10-20,NK001,Europe,Online,2,5,218.5,55.55,36,Other,Credit Card
NKORD02014,2024-10-30,NK016,North America,Outlet,2,0,80.0,16.09,28,Male,NetBanking
NKORD02015,2025-02-21,NK009,Latin America,Retail,5,5,152.0,43.76,25,Male,UPI
NKORD02016,2024-07-12,NK006,North America,Online,4,10,522.0,184.23,33,Male,Debit Card
NKORD02017,2023-02-16,NK002,Asia-Pacific,Retail,1,40,81.0,18.89,34,Male,PayPal
NKORD02018,2024-09-05,NK017,Latin America,Wholesale,2,40,60.0,7.2,21,Female,Credit Card
NKORD02019,2024-11-24,NK010,Europe,Retail,7,5,432.25,132.52,18,Male,Cash
NKORD02020,2025-06-08,NK013,Middle East & Africa,Online,5,0,625.0,172.26,42,Female,UPI
NKORD02021,2024-04-10,NK012,Middle East & Africa,Online,2,0,60.0,16.5,19,Female,Apple Pay
NKORD02022,2023-01-28,NK005,Europe,Retail,1,0,170.0,50.23,56,Male,Credit Card
NKORD02023,2023-03-28,NK011,Asia-Pacific,Outlet,2,5,294.5,62.28,33,Female,UPI
NKORD02024,2024-09-29,NK001,Middle East & Africa,Wholesale,1,5,109.25,30.78,33,Female,Cash
NKORD02025,2023-08-14,NK015,Latin America,Outlet,4,0,112.0,34.56,37,Male,UPI
NKORD02026,2025-06-19,NK008,Middle East & Africa,Retail,3,5,356.25,132.8,46,Female,PayPal
NKORD02027,2023-06-15,NK004,Europe,Outlet,1,10,108.0,36.78,35,Male,Debit Card
NKORD02028,2025-02-23,NK012,Asia-Pacific,Online,2,5,57.0,12.88,32,Male,PayPal
NKORD02029,2023-11-19,NK006,North America,Online,3,5,413.25,111.66,25,Male,PayPal
NKORD02030,2025-08-07,NK009,Asia-Pacific,Online,2,5,60.8,16.93,35,Female,Debit Card
NKORD02031,2024-09-16,NK011,North America,Wholesale,2,10,279.0,79.33,44,Female,Credit Card
NKORD02032,2023-10-02,NK012,Latin America,Retail,1,20,24.0,3.96,49,Female,NetBanking
NKORD02033,2025-05-30,NK012,Europe,Retail,1,10,27.0,9.57,20,Male,Google Pay
NKORD02034,2024-02-24,NK002,Asia-Pacific,Online,2,5,256.5,85.53,24,Male,UPI
NKORD02035,2023-12-01,NK009,Latin America,Online,3,5,91.2,32.3,18,Male,Credit Card
NKORD02036,2023-04-20,NK009,Latin America,Online,1,5,30.4,7.91,22,Female,NetBanking
NKORD02037,2025-09-01,NK011,Europe,Retail,2,0,310.0,83.09,44,Male,Google Pay
NKORD02038,2025-05-26,NK003,Latin America,Online,5,5,902.5,324.04,25,Male,Credit Card
NKORD02039,2024-07-12,NK015,Latin America,Outlet,5,5,133.0,24.86,40,Male,PayPal
NKORD02040,2025-08-21,NK014,Europe,Retail,2,10,207.0,57.34,30,Male,UPI
NKORD02041,2024-11-05,NK008,North America,Retail,2,0,250.0,75.83,35,Male,Cash
NKORD02042,2025-04-17,NK008,Asia-Pacific,Retail,4,20,400.0,117.42,29,Female,Google Pay
NKORD02043,2023-09-16,NK002,Europe,Online,3,0,405.0,147.49,27,Male,Cash
NKORD02044,2023-03-01,NK006,Europe,Wholesale,5,20,580.0,150.47,31,Male,Credit Card
NKORD02045,2024-09-19,NK020,North America,Retail,1,5,28.5,6.04,29,Male,PayPal
NKORD02046,2024-08-19,NK015,Latin America,Online,4,5,106.4,31.14,35,Male,Cash
NKORD02047,2024-02-19,NK012,Latin America,Wholesale,5,10,135.0,24.44,18,Male,Debit Card
NKORD02048,2024-02-24,NK006,North America,Online,6,0,870.0,310.31,26,Male,Cash
NKORD02049,2024-09-23,NK003,Asia-Pacific,Wholesale,4,20,608.0,179.8,37,Male,Debit Card
NKORD02050,2024-11-10,NK007,Asia-Pacific,Online,3,20,396.0,124.16,18,Male,Credit Card
NKORD02051,2024-12-05,NK001,Latin America,Wholesale,2,0,230.0,59.47,21,Male,UPI
NKORD02052,2023-06-27,NK003,Asia-Pacific,Online,5,10,855.0,283.67,18,Male,UPI
NKORD02053,2025-01-09,NK007,Middle East & Africa,Outlet,2,20,264.0,74.71,34,Male,Cash
NKORD02054,2025-03-29,NK015,North America,Retail,4,10,100.8,20.86,18,Male,NetBanking
NKORD02055,2024-04-29,NK004,Latin America,Retail,5,0,600.0,175.25,36,Female,Google Pay
NKORD02056,2024-11-08,NK006,Asia-Pacific,Online,4,10,522.0,166.65,46,Male,Credit Card
NKORD02057,2025-03-10,NK006,Asia-Pacific,Wholesale,2,5,275.5,60.56,31,Male,Apple Pay
NKORD02058,2025-04-25,NK004,Latin America,Retail,3,20,288.0,64.79,26,Female,Cash
NKORD02059,2024-10-18,NK013,Asia-Pacific,Retail,3,10,337.5,88.25,28,Female,Credit Card
NKORD02060,2024-12-12,NK016,North America,Online,1,5,38.0,11.63,26,Male,Debit Card
NKORD02061,2024-10-07,NK015,Asia-Pacific,Outlet,1,0,28.0,7.19,49,Male,UPI
NKORD02062,2023-07-05,NK018,Asia-Pacific,Outlet,2,10,50.4,13.38,18,Male,UPI
NKORD02063,2024-10-13,NK004,Europe,Outlet,1,10,108.0,33.49,37,Other,Google Pay
NKORD02064,2024-11-01,NK011,Asia-Pacific,Wholesale,2,20,248.0,41.63,39,Male,NetBanking
NKORD02065,2024-08-25,NK002,Europe,Outlet,2,5,256.5,59.62,37,Female,Debit Card
NKORD02066,2023-05-21,NK019,North America,Retail,2,40,24.0,3.99,37,Female,Apple Pay
NKORD02067,2023-08-07,NK013,Middle East & Africa,Retail,1,10,112.5,34.68,24,Female,UPI
NKORD02068,2024-06-29,NK004,Europe,Wholesale,5,5,570.0,165.39,38,Male,UPI
NKORD02069,2025-06-01,NK016,Europe,Wholesale,4,10,144.0,35.2,35,Male,Credit Card
NKORD02070,2025-08-31,NK007,North America,Outlet,1,10,148.5,49.0,29,Female,Credit Card
NKORD02071,2023-07-15,NK014,Middle East & Africa,Retail,1,5,109.25,34.62,28,Female,Google Pay
NKORD02072,2025-06-26,NK004,Middle East & Africa,Retail,3,5,342.0,101.82,37,Male,UPI
NKORD02073,2025-07-26,NK011,Middle East & Africa,Online,3,5,441.75,134.29,24,Male,Debit Card
NKORD02074,2024-04-27,NK019,Middle East & Africa,Outlet,2,10,36.0,10.14,36,Female,NetBanking
NKORD02075,2023-03-23,NK019,Latin America,Retail,1,5,19.0,6.45,36,Male,Google Pay
NKORD02076,2024-10-06,NK004,Asia-Pacific,Online,2,10,216.0,74.02,37,Female,NetBanking
NKORD02077,2024-02-01,NK006,Europe,Online,6,10,783.0,192.19,30,Female,Apple Pay
NKORD02078,2025-07-10,NK019,North America,Online,3,10,54.0,13.72,18,Female,Debit Card
NKORD02079,2025-06-24,NK016,Europe,Online,3,10,108.0,32.79,19,Male,UPI
NKORD02080,2023-12-21,NK019,Europe,Online,1,10,18.0,5.04,31,Male,Debit Card
NKORD02081,2023-01-09,NK018,Latin America,Wholesale,1,5,26.6,4.85,18,Male,Debit Card
NKORD02082,2025-04-25,NK006,Latin America,Retail,3,20,348.0,67.76,35,Male,Credit Card
NKORD02083,2025-03-12,NK010,Middle East & Africa,Retail,2,5,123.5,36.46,22,Male,NetBanking
NKORD02084,2025-01-01,NK010,Asia-Pacific,Online,3,20,156.0,33.4,43,Male,Cash
NKORD02085,2024-06-22,NK008,North America,Online,3,10,337.5,100.05,18,Male,Debit Card
NKORD02086,2025-08-07,NK009,Latin America,Retail,4,5,121.6,29.33,19,Male,Apple Pay
NKORD02087,2024-12-29,NK016,Asia-Pacific,Online,5,10,180.0,48.33,41,Male,Credit Card
NKORD02088,2025-04-07,NK011,Latin America,Outlet,2,10,279.0,73.85,38,Female,Debit Card
NKORD02089,2024-01-16,NK011,Middle East & Africa,Wholesale,2,40,186.0,29.89,43,Female,UPI
NKORD02090,2024-11-10,NK019,Europe,Outlet,6,10,108.0,27.83,40,Female,UPI
NKORD02091,2023-08-30,NK020,Asia-Pacific,Retail,1,5,28.5,6.93,37,Female,Credit Card
NKORD02092,2024-10-06,NK006,Latin America,Retail,1,5,137.75,39.31,24,Male,PayPal
NKORD02093,2025-07-12,NK012,Latin America,Retail,5,5,142.5,50.78,20,Male,Cash
NKORD02094,2023-09-07,NK001,Asia-Pacific,Retail,4,20,368.0,104.99,41,Female,Debit Card
NKORD02095,2025-06-05,NK001,Asia-Pacific,Retail,3,5,327.75,120.12,25,Female,Google Pay
NKORD02096,2024-03-06,NK002,Asia-Pacific,Retail,1,10,121.5,28.28,18,Male,UPI
NKORD02097,2024-09-08,NK008,North America,Wholesale,3,10,337.5,94.64,22,Female,UPI
NKORD02098,2023-03-21,NK016,North America,Online,2,0,80.0,27.49,27,Male,PayPal
NKORD02099,2025-01-03,NK013,North America,Retail,3,5,356.25,126.68,50,Male,UPI
NKORD02100,2025-02-25,NK010,Asia-Pacific,Retail,1,5,61.75,19.55,33,Female,Credit Card
NKORD02101,2025-05-20,NK020,Asia-Pacific,Wholesale,2,0,60.0,13.69,33,Female,UPI
NKORD02102,2024-04-16,NK002,North America,Outlet,1,0,135.0,38.6,34,Female,UPI
NKORD02103,2024-11-12,NK006,North America,Wholesale,2,5,275.5,88.12,55,Male,Debit Card
NKORD02104,2025-09-16,NK018,Middle East & Africa,Outlet,3,20,67.2,13.53,41,Other,Apple Pay
NKORD02105,2024-07-06,NK016,Middle East & Africa,Wholesale,1,10,36.0,8.48,38,Male,Credit Card
NKORD02106,2023-06-07,NK016,Asia-Pacific,Wholesale,1,20,32.0,6.82,27,Female,Credit Card
NKORD02107,2025-07-13,NK017,North America,Retail,3,5,142.5,48.51,30,Male,Debit Card
NKORD02108,2023-06-03,NK004,Asia-Pacific,Retail,3,10,324.0,88.77,33,Female,UPI
NKORD02109,2025-01-27,NK014,Asia-Pacific,Retail,6,40,414.0,93.79,33,Male,NetBanking
NKORD02110,2025-05-24,NK010,Asia-Pacific,Outlet,6,0,390.0,103.96,48,Female,UPI
NKORD02111,2023-12-27,NK019,Asia-Pacific,Online,3,40,36.0,6.21,25,Female,Credit Card
NKORD02112,2025-03-31,NK008,Asia-Pacific,Retail,1,20,100.0,26.29,35,Male,Debit Card
NKORD02113,2023-03-01,NK002,Europe,Online,2,40,162.0,21.11,35,Male,Debit Card
NKORD02114,2023-11-10,NK010,Asia-Pacific,Online,7,5,432.25,142.53,38,Male,UPI
NKORD02115,2024-11-10,NK008,North America,Retail,6,20,600.0,159.4,19,Female,Credit Card
NKORD02116,2023-05-29,NK004,Latin America,Outlet,6,5,684.0,178.52,42,Female,Debit Card
NKORD02117,2024-07-22,NK013,Europe,Retail,2,0,250.0,72.07,18,Female,Debit Card
NKORD02118,2024-06-14,NK009,Asia-Pacific,Online,6,5,182.4,53.64,40,Male,Cash
NKORD02119,2025-06-14,NK002,North America,Retail,4,10,486.0,170.71,46,Male,Google Pay
NKORD02120,2023-12-12,NK011,Latin America,Retail,3,5,441.75,140.22,27,Female,NetBanking
NKORD02121,2023-10-25,NK003,Asia-Pacific,Online,2,5,361.0,131.21,18,Female,Credit Card
NKORD02122,2025-05-16,NK005,Asia-Pacific,Online,4,10,612.0,219.17,47,Male,Credit Card
NKORD02123,2025-02-09,NK008,Asia-Pacific,Retail,2,40,150.0,26.11,24,Male,Credit Card
NKORD02124,2023-11-03,NK015,Europe,Wholesale,2,10,50.4,9.3,31,Male,UPI
NKORD02125,2025-08-29,NK010,North America,Online,5,0,325.0,118.69,38,Female,PayPal
NKORD02126,2024-04-21,NK018,North America,Online,6,5,159.6,36.04,44,Female,Credit Card
NKORD02127,2023-02-11,NK016,Latin America,Online,3,20,96.0,24.2,26,Male,Google Pay
NKORD02128,2024-02-09,NK015,Middle East & Africa,Online,1,10,25.2,8.39,31,Female,Apple Pay
NKORD02129,2024-11-29,NK020,Asia-Pacific,Retail,1,0,30.0,7.57,28,Male,UPI
NKORD02130,2024-03-20,NK005,Latin America,Wholesale,3,10,459.0,111.65,46,Male,Credit Card
NKORD02131,2023-04-12,NK001,Middle East & Africa,Online,1,10,103.5,24.87,31,Female,Cash
NKORD02132,2023-04-15,NK015,Europe,Outlet,3,10,75.6,13.79,42,Female,Debit Card
NKORD02133,2024-06-19,NK006,Asia-Pacific,Retail,2,5,275.5,73.96,27,Male,Google Pay
NKORD02134,2023-12-10,NK017,Asia-Pacific,Online,3,10,135.0,34.49,36,Female,NetBanking
NKORD02135,2024-02-06,NK010,North America,Online,1,40,39.0,5.49,38,Male,Apple Pay
NKORD02136,2024-10-27,NK015,North America,Outlet,1,10,25.2,6.24,40,Female,Credit Card
NKORD02137,2024-12-02,NK019,Asia-Pacific,Retail,4,0,80.0,24.38,24,Female,Cash
NKORD02138,2023-01-21,NK012,North America,Retail,6,0,180.0,58.22,27,Male,Google Pay
NKORD02139,2024-08-13,NK003,Latin America,Online,2,0,380.0,121.32,43,Female,UPI
NKORD02140,2025-05-27,NK016,Latin America,Online,2,5,76.0,23.34,19,Female,PayPal
NKORD02141,2023-09-16,NK011,North America,Wholesale,1,20,124.0,19.78,27,Female,UPI
NKORD02142,2023-02-26,NK016,Asia-Pacific,Wholesale,3,10,108.0,25.02,28,Female,Cash
NKORD02143,2025-07-27,NK006,North America,Retail,5,20,580.0,138.39,24,Female,NetBanking
NKORD02144,2023-10-03,NK014,Asia-Pacific,Outlet,2,0,230.0,57.25,23,Male,Google Pay
NKORD02145,2025-06-26,NK004,North America,Retail,5,10,540.0,165.75,25,Other,Cash
NKORD02146,2023-08-06,NK001,Europe,Online,6,40,414.0,71.92,18,Female,Credit Card
NKORD02147,2025-06-17,NK010,Europe,Retail,1,20,52.0,13.53,46,Male,Google Pay
NKORD02148,2023-05-09,NK008,Latin America,Outlet,5,10,562.5,155.86,48,Male,Credit Card
NKORD02149,2024-07-01,NK010,North America,Online,4,10,234.0,82.0,25,Male,NetBanking
NKORD02150,2025-05-13,NK020,Asia-Pacific,Wholesale,2,5,57.0,9.9,41,Male,Debit Card
NKORD02151,2025-08-26,NK019,Europe,Wholesale,3,5,57.0,12.92,32,Male,Credit Card
NKORD02152,2023-01-04,NK007,Asia-Pacific,Retail,2,10,297.0,70.16,32,Male,UPI
NKORD02153,2023-06-18,NK004,North America,Wholesale,2,20,192.0,51.1,44,Male,Credit Card
NKORD02154,2025-01-26,NK001,Asia-Pacific,Retail,2,0,230.0,84.98,25,Other,Credit Card
NKORD02155,2023-09-12,NK020,North America,Outlet,2,20,48.0,6.46,18,Female,Credit Card
NKORD02156,2025-08-11,NK014,Europe,Outlet,1,10,103.5,32.66,37,Female,Credit Card
NKORD02157,2025-06-18,NK019,North America,Retail,1,5,19.0,6.33,48,Male,Apple Pay
NKORD02158,2024-07-04,NK006,Asia-Pacific,Online,7,0,1015.0,288.22,24,Female,UPI
NKORD02159,2024-09-27,NK006,Middle East & Africa,Outlet,1,20,116.0,29.58,36,Female,Credit Card
NKORD02160,2024-12-27,NK001,Asia-Pacific,Retail,1,0,115.0,40.2,23,Female,Debit Card
NKORD02161,2023-09-26,NK009,Asia-Pacific,Retail,1,5,30.4,10.69,46,Female,Google Pay
NKORD02162,2023-09-02,NK003,Middle East & Africa,Online,2,10,342.0,87.32,37,Female,Credit Card
NKORD02163,2023-06-01,NK012,North America,Retail,6,0,180.0,52.91,33,Female,UPI
NKORD02164,2025-03-17,NK004,Asia-Pacific,Retail,2,0,240.0,92.55,21,Male,UPI
NKORD02165,2024-08-20,NK002,Asia-Pacific,Online,1,10,121.5,37.36,25,Female,NetBanking
NKORD02166,2024-09-16,NK001,Asia-Pacific,Outlet,6,10,621.0,206.18,24,Male,Debit Card
NKORD02167,2024-07-25,NK002,North America,Online,1,5,128.25,36.5,26,Female,Credit Card
NKORD02168,2023-09-14,NK009,Europe,Retail,1,10,28.8,8.64,23,Male,Apple Pay
NKORD02169,2025-09-01,NK006,Asia-Pacific,Online,3,0,435.0,156.9,31,Female,Credit Card
NKORD02170,2023-03-01,NK005,Asia-Pacific,Outlet,3,5,484.5,142.95,19,Female,Google Pay
NKORD02171,2025-08-09,NK015,North America,Retail,1,5,26.6,5.42,41,Male,Google Pay
NKORD02172,2023-11-20,NK008,Asia-Pacific,Online,2,5,237.5,80.98,18,Male,Credit Card
NKORD02173,2023-11-07,NK018,North America,Outlet,2,10,50.4,14.57,43,Male,UPI
NKORD02174,2024-06-16,NK019,Asia-Pacific,Retail,4,5,76.0,19.45,31,Male,PayPal
NKORD02175,2024-07-10,NK018,Europe,Online,1,20,22.4,4.3,35,Male,NetBanking
NKORD02176,2024-08-14,NK004,Europe,Online,1,5,114.0,37.3,38,Male,PayPal
NKORD02177,2024-09-13,NK019,North America,Online,1,0,20.0,5.83,50,Male,Debit Card
NKORD02178,2023-08-29,NK006,North America,Retail,3,5,413.25,109.37,31,Male,PayPal
NKORD02179,2023-04-04,NK003,Europe,Outlet,5,0,950.0,293.69,31,Other,PayPal
NKORD02180,2024-12-22,NK004,Europe,Retail,4,10,432.0,134.84,36,Female,Credit Card
NKORD02181,2023-11-30,NK014,Europe,Retail,1,0,115.0,40.77,20,Female,Credit Card
NKORD02182,2025-04-03,NK006,Latin America,Online,1,20,116.0,27.63,47,Male,Credit Card
NKORD02183,2025-03-02,NK009,Europe,Online,3,20,76.8,14.59,26,Male,Debit Card
NKORD02184,2023-08-22,NK019,North America,Online,6,5,114.0,34.57,42,Male,UPI
NKORD02185,2025-03-09,NK013,Europe,Online,4,0,500.0,132.8,22,Female,UPI
NKORD02186,2023-07-31,NK004,Latin America,Online,4,0,480.0,162.99,46,Male,Debit Card
NKORD02187,2024-09-04,NK006,Latin America,Online,3,5,413.25,143.1,18,Male,Google Pay
NKORD02188,2024-07-03,NK012,Asia-Pacific,Online,5,5,142.5,37.14,26,Male,Apple Pay
NKORD02189,2023-02-26,NK001,Asia-Pacific,Retail,1,10,103.5,23.81,19,Male,UPI
NKORD02190,2023-04-12,NK004,Asia-Pacific,Online,1,5,114.0,37.49,21,Male,PayPal
NKORD02191,2024-12-20,NK002,Asia-Pacific,Online,4,0,540.0,211.6,20,Male,Google Pay
NKORD02192,2024-03-23,NK003,Europe,Online,3,10,513.0,166.98,31,Female,PayPal
NKORD02193,2024-06-10,NK004,Middle East & Africa,Outlet,2,10,216.0,68.33,32,Male,UPI
NKORD02194,2023-01-27,NK004,Middle East & Africa,Online,2,0,240.0,73.76,25,Female,Credit Card
NKORD02195,2023-03-05,NK008,Latin America,Retail,5,5,593.75,150.14,18,Female,UPI
NKORD02196,2024-01-08,NK007,Asia-Pacific,Retail,1,5,156.75,57.51,23,Male,Debit Card
NKORD02197,2025-07-23,NK017,North America,Online,1,5,47.5,12.43,24,Female,Apple Pay
NKORD02198,2023-10-25,NK001,Europe,Online,2,0,230.0,82.36,30,Male,PayPal
NKORD02199,2024-04-24,NK019,Middle East & Africa,Online,4,10,72.0,18.29,32,Female,UPI
NKORD02200,2024-06-23,NK002,Middle East & Africa,Retail,2,10,243.0,82.73,28,Male,Credit Card
NKORD02201,2023-09-04,NK014,Europe,Retail,3,10,310.5,81.02,45,Female,UPI
NKORD02202,2025-08-21,NK016,Middle East & Africa,Retail,2,0,80.0,26.12,32,Female,Credit Card
NKORD02203,2023-02-19,NK012,Europe,Wholesale,3,5,85.5,25.95,25,Female,Debit Card
NKORD02204,2025-02-24,NK019,Latin America,Outlet,6,0,120.0,32.6,25,Female,NetBanking
NKORD02205,2024-04-06,NK017,Asia-Pacific,Retail,2,20,80.0,22.36,18,Female,Credit Card
NKORD02206,2025-02-03,NK017,North America,Outlet,4,10,180.0,43.54,51,Male,UPI
NKORD02207,2025-06-06,NK015,North America,Retail,1,10,25.2,8.33,26,Female,Debit Card
NKORD02208,2023-11-11,NK019,North America,Retail,2,0,40.0,11.99,42,Male,Credit Card
NKORD02209,2025-08-29,NK006,North America,Online,6,20,696.0,184.95,41,Male,UPI
NKORD02210,2024-05-07,NK001,Asia-Pacific,Online,6,5,655.5,206.53,39,Female,UPI
NKORD02211,2025-08-10,NK020,North America,Retail,5,10,135.0,41.64,21,Female,Debit Card
NKORD02212,2025-04-05,NK009,Asia-Pacific,Online,2,5,60.8,16.39,34,Male,Credit Card
NKORD02213,2024-06-30,NK002,Asia-Pacific,Outlet,1,0,135.0,34.54,39,Female,Google Pay
NKORD02214,2024-02-05,NK007,Middle East & Africa,Retail,3,0,495.0,173.87,42,Male,NetBanking
NKORD02215,2023-01-12,NK004,Europe,Retail,1,10,108.0,27.87,32,Female,Debit Card
NKORD02216,2023-10-14,NK007,Europe,Online,4,0,660.0,247.86,35,Male,Cash
NKORD02217,2025-08-13,NK019,Asia-Pacific,Outlet,2,10,36.0,7.45,31,Female,Debit Card
NKORD02218,2024-01-26,NK018,Asia-Pacific,Online,2,0,56.0,17.47,41,Female,Debit Card
NKORD02219,2025-08-23,NK001,Asia-Pacific,Wholesale,3,20,276.0,54.46,32,Male,Credit Card
NKORD02220,2024-04-26,NK015,Europe,Online,3,0,84.0,27.76,24,Male,Credit Card
NKORD02221,2024-03-24,NK015,Latin America,Outlet,1,20,22.4,5.35,18,Male,PayPal
NKORD02222,2024-06-19,NK008,Asia-Pacific,Wholesale,3,10,337.5,81.36,22,Male,Credit Card
NKORD02223,2025-02-13,NK002,North America,Retail,2,10,243.0,77.92,36,Male,Cash
NKORD02224,2024-04-22,NK001,Middle East & Africa,Online,2,20,184.0,38.04,25,Female,UPI
NKORD02225,2025-03-01,NK012,Latin America,Wholesale,3,10,81.0,17.07,28,Female,Debit Card
NKORD02226,2023-03-14,NK019,Asia-Pacific,Retail,4,10,72.0,15.14,33,Female,Apple Pay
NKORD02227,2025-07-05,NK001,Asia-Pacific,Retail,4,10,414.0,115.42,40,Male,Credit Card
NKORD02228,2024-11-03,NK019,Asia-Pacific,Online,2,10,36.0,11.45,33,Female,NetBanking
NKORD02229,2024-09-15,NK015,North America,Outlet,1,20,22.4,2.92,26,Male,Google Pay
NKORD02230,2024-01-15,NK002,Asia-Pacific,Retail,2,10,243.0,85.41,30,Male,Debit Card
NKORD02231,2025-06-13,NK004,North America,Online,4,10,432.0,100.01,42,Other,NetBanking
NKORD02232,2023-03-22,NK010,Europe,Outlet,3,20,156.0,24.02,28,Male,UPI
NKORD02233,2024-03-29,NK010,Middle East & Africa,Retail,1,5,61.75,21.64,23,Male,Debit Card
NKORD02234,2024-03-27,NK017,Asia-Pacific,Retail,3,0,150.0,48.55,18,Female,NetBanking
NKORD02235,2023-02-06,NK008,North America,Wholesale,2,40,150.0,21.21,39,Female,Apple Pay
NKORD02236,2024-05-12,NK002,Middle East & Africa,Wholesale,2,10,243.0,77.73,23,Male,Google Pay
NKORD02237,2024-04-03,NK002,Europe,Online,4,10,486.0,140.86,23,Male,Credit Card
NKORD02238,2023-06-08,NK016,North America,Online,3,10,108.0,20.65,30,Male,Debit Card
NKORD02239,2023-09-18,NK001,North America,Online,2,5,218.5,70.36,34,Male,UPI
NKORD02240,2024-03-09,NK006,Asia-Pacific,Retail,3,10,391.5,143.53,26,Female,NetBanking
NKORD02241,2023-08-19,NK014,Europe,Retail,1,5,109.25,31.29,30,Female,Debit Card
NKORD02242,2025-08-26,NK002,Asia-Pacific,Retail,1,5,128.25,32.26,30,Male,NetBanking
NKORD02243,2023-01-13,NK010,Latin America,Online,5,0,325.0,95.51,18,Male,NetBanking
NKORD02244,2025-02-06,NK006,Europe,Wholesale,2,10,261.0,82.9,27,Male,NetBanking
NKORD02245,2023-02-15,NK009,North America,Online,2,5,60.8,13.95,21,Male,Google Pay
NKORD02246,2023-08-20,NK020,Europe,Retail,5,0,150.0,51.97,39,Male,Google Pay
NKORD02247,2024-03-17,NK014,North America,Online,4,5,437.0,127.0,18,Male,PayPal
NKORD02248,2024-10-29,NK007,Latin America,Retail,4,5,627.0,191.74,23,Other,UPI
NKORD02249,2025-04-17,NK015,Latin America,Retail,2,0,56.0,12.52,33,Male,Google Pay
NKORD02250,2023-11-15,NK005,Europe,Retail,4,5,646.0,169.35,30,Male,Credit Card
NKORD02251,2024-10-10,NK015,North America,Wholesale,4,20,89.6,19.24,18,Male,Cash
NKORD02252,2024-04-18,NK018,Middle East & Africa,Online,2,0,56.0,16.34,22,Female,Google Pay
NKORD02253,2023-08-14,NK008,North America,Online,1,20,100.0,31.93,32,Male,UPI
NKORD02254,2024-01-11,NK016,Latin America,Online,5,10,180.0,52.62,35,Male,UPI
NKORD02255,2023-02-23,NK014,North America,Wholesale,4,0,460.0,154.44,34,Male,NetBanking
NKORD02256,2023-03-30,NK018,Asia-Pacific,Online,7,20,156.8,40.69,27,Male,Google Pay
NKORD02257,2024-06-26,NK011,North America,Outlet,2,10,279.0,58.44,35,Female,Cash
NKORD02258,2025-06-28,NK010,Europe,Online,1,20,52.0,11.64,40,Male,Credit Card
NKORD02259,2023-06-17,NK018,North America,Retail,5,10,126.0,39.49,33,Female,Debit Card
NKORD02260,2024-05-07,NK008,Latin America,Online,4,10,450.0,160.47,30,Male,Credit Card
NKORD02261,2024-10-20,NK013,Asia-Pacific,Outlet,2,20,200.0,43.32,34,Other,Cash
NKORD02262,2025-08-26,NK013,Europe,Retail,4,5,475.0,121.3,33,Male,Credit Card
NKORD02263,2024-01-24,NK004,Europe,Outlet,2,20,192.0,45.82,33,Male,Cash
NKORD02264,2023-03-01,NK019,Europe,Outlet,2,20,32.0,5.45,18,Male,Debit Card
NKORD02265,2024-11-29,NK018,North America,Online,4,10,100.8,22.57,42,Male,Apple Pay
NKORD02266,2024-06-05,NK007,Asia-Pacific,Outlet,2,40,198.0,44.8,30,Male,PayPal
NKORD02267,2023-05-17,NK007,Middle East & Africa,Wholesale,1,20,132.0,23.5,31,Male,Google Pay
NKORD02268,2023-05-25,NK009,Latin America,Retail,2,40,38.4,6.29,29,Female,Google Pay
NKORD02269,2025-04-12,NK007,Asia-Pacific,Retail,3,20,396.0,109.47,31,Female,NetBanking
NKORD02270,2023-02-07,NK010,Latin America,Wholesale,2,0,130.0,35.03,44,Female,Google Pay
NKORD02271,2024-05-10,NK011,Latin America,Retail,2,20,248.0,75.95,25,Female,NetBanking
NKORD02272,2023-03-04,NK005,Asia-Pacific,Online,1,5,161.5,40.06,24,Female,Credit Card
NKORD02273,2024-11-08,NK003,Europe,Wholesale,3,20,456.0,92.78,27,Male,Credit Card
NKORD02274,2025-05-15,NK011,Europe,Retail,4,10,558.0,182.75,27,Female,Credit Card
NKORD02275,2023-03-21,NK019,North America,Online,3,40,36.0,5.02,19,Male,Credit Card
NKORD02276,2024-07-19,NK002,Latin America,Retail,4,20,432.0,150.15,38,Male,UPI
NKORD02277,2023-08-02,NK010,Middle East & Africa,Online,3,0,195.0,69.37,18,Male,PayPal
NKORD02278,2023-08-08,NK001,Europe,Retail,3,20,276.0,58.07,22,Female,Credit Card
NKORD02279,2023-10-16,NK009,Asia-Pacific,Retail,1,20,25.6,7.01,42,Male,Debit Card
NKORD02280,2024-06-15,NK015,Asia-Pacific,Retail,5,40,84.0,17.88,25,Male,UPI
NKORD02281,2025-03-29,NK006,Europe,Wholesale,5,5,688.75,157.6,35,Male,UPI
NKORD02282,2024-06-03,NK014,Latin America,Outlet,3,10,310.5,63.53,45,Female,Debit Card
NKORD02283,2024-03-23,NK001,Europe,Retail,3,5,327.75,89.91,27,Other,Credit Card
NKORD02284,2024-09-11,NK016,North America,Online,3,0,120.0,37.72,36,Female,UPI
NKORD02285,2024-06-16,NK014,Latin America,Retail,4,5,437.0,131.87,33,Female,Credit Card
NKORD02286,2024-07-20,NK008,North America,Online,3,0,375.0,145.26,29,Male,Credit Card
NKORD02287,2023-05-05,NK020,Asia-Pacific,Outlet,2,5,57.0,15.02,35,Female,Debit Card
NKORD02288,2025-07-31,NK020,Latin America,Retail,5,10,135.0,40.37,30,Male,Credit Card
NKORD02289,2023-10-01,NK005,North America,Online,3,40,306.0,50.2,26,Male,Credit Card
NKORD02290,2025-03-11,NK020,Asia-Pacific,Outlet,2,10,54.0,11.92,19,Female,Debit Card
NKORD02291,2025-02-21,NK020,Latin America,Outlet,2,5,57.0,18.23,41,Male,UPI
NKORD02292,2023-09-27,NK016,North America,Outlet,2,40,48.0,9.34,18,Female,UPI
NKORD02293,2024-09-24,NK002,Europe,Online,2,10,243.0,76.75,42,Male,UPI
NKORD02294,2025-07-12,NK004,Asia-Pacific,Outlet,3,5,342.0,81.44,42,Male,UPI
NKORD02295,2023-04-30,NK012,Europe,Retail,2,10,54.0,15.83,27,Female,PayPal
NKORD02296,2025-01-12,NK001,Asia-Pacific,Wholesale,2,5,218.5,69.91,46,Female,Google Pay
NKORD02297,2025-03-08,NK002,Asia-Pacific,Retail,4,10,486.0,175.55,37,Male,Credit Card
NKORD02298,2025-08-26,NK016,North America,Retail,4,5,152.0,47.44,27,Male,PayPal
NKORD02299,2023-02-20,NK009,Europe,Retail,7,10,201.6,47.52,33,Male,Credit Card
NKORD02300,2025-06-01,NK010,Asia-Pacific,Outlet,2,10,117.0,27.43,33,Female,Credit Card
NKORD02301,2024-07-21,NK018,Europe,Wholesale,5,0,140.0,42.36,23,Male,Debit Card
NKORD02302,2025-03-25,NK020,North America,Online,5,5,142.5,48.02,26,Female,PayPal
NKORD02303,2023-03-18,NK017,North America,Wholesale,2,5,95.0,18.24,33,Female,Debit Card
NKORD02304,2024-09-11,NK016,Middle East & Africa,Online,4,0,160.0,48.66,30,Female,UPI
NKORD02305,2023-12-29,NK001,North America,Online,3,5,327.75,112.56,26,Male,UPI
NKORD02306,2023-10-22,NK019,Asia-Pacific,Online,3,5,57.0,17.44,20,Male,Credit Card
NKORD02307,2024-08-15,NK005,Asia-Pacific,Retail,3,0,510.0,158.52,34,Male,Credit Card
NKORD02308,2023-12-30,NK012,North America,Retail,5,10,135.0,42.48,28,Male,Debit Card
NKORD02309,2024-04-04,NK011,Asia-Pacific,Wholesale,7,5,1030.75,202.44,26,Male,Credit Card
NKORD02310,2023-05-05,NK008,Middle East & Africa,Retail,4,0,500.0,150.42,27,Male,PayPal
NKORD02311,2024-10-15,NK014,Europe,Retail,1,20,92.0,25.5,29,Other,UPI
NKORD02312,2025-09-18,NK018,Asia-Pacific,Outlet,1,5,26.6,6.91,22,Female,Credit Card
NKORD02313,2025-09-24,NK015,Asia-Pacific,Online,6,20,134.4,38.32,37,Female,Google Pay
NKORD02314,2025-06-13,NK020,North America,Online,1,10,27.0,5.25,30,Male,PayPal
NKORD02315,2023-01-10,NK001,Middle East & Africa,Retail,2,5,218.5,57.7,36,Female,Debit Card
NKORD02316,2025-07-27,NK008,Europe,Wholesale,3,5,356.25,120.05,21,Female,UPI
NKORD02317,2024-07-20,NK006,Latin America,Retail,3,0,435.0,148.32,47,Female,UPI
NKORD02318,2024-03-30,NK016,Asia-Pacific,Wholesale,4,20,128.0,27.58,28,Female,Apple Pay
NKORD02319,2024-06-10,NK016,Latin America,Outlet,3,5,114.0,25.66,32,Female,NetBanking
NKORD02320,2023-12-19,NK019,North America,Outlet,2,5,38.0,7.67,28,Male,Credit Card
NKORD02321,2024-12-22,NK003,Middle East & Africa,Online,2,5,361.0,132.19,18,Male,Credit Card
NKORD02322,2025-09-10,NK019,Asia-Pacific,Online,1,10,18.0,4.35,29,Male,Credit Card
NKORD02323,2024-01-19,NK003,Asia-Pacific,Online,3,0,570.0,154.78,27,Female,Google Pay
NKORD02324,2025-06-02,NK016,Europe,Online,2,5,76.0,26.25,23,Female,UPI
NKORD02325,2024-09-19,NK016,Asia-Pacific,Retail,5,10,180.0,45.19,31,Female,Credit Card
NKORD02326,2024-09-03,NK004,Asia-Pacific,Online,2,5,228.0,63.76,31,Female,Apple Pay
NKORD02327,2025-03-03,NK014,Asia-Pacific,Retail,2,10,207.0,70.01,30,Male,Credit Card
NKORD02328,2023-07-18,NK010,Latin America,Online,4,5,247.0,84.23,31,Female,Debit Card
NKORD02329,2023-03-09,NK014,Europe,Online,2,10,207.0,45.06,39,Female,Cash
NKORD02330,2023-03-11,NK013,Asia-Pacific,Wholesale,1,5,118.75,22.73,42,Other,Cash
NKORD02331,2024-03-15,NK017,North America,Wholesale,3,10,135.0,23.06,33,Female,NetBanking
NKORD02332,2023-01-15,NK011,Asia-Pacific,Retail,2,10,279.0,97.37,32,Female,Credit Card
NKORD02333,2024-04-17,NK020,Europe,Online,3,0,90.0,26.7,26,Male,Debit Card
NKORD02334,2023-03-20,NK001,North America,Online,1,10,103.5,27.42,31,Male,Google Pay
NKORD02335,2023-04-05,NK015,Latin America,Wholesale,2,20,44.8,11.15,40,Female,PayPal
NKORD02336,2025-04-28,NK004,North America,Outlet,4,0,480.0,143.55,35,Male,Credit Card
NKORD02337,2023-10-12,NK008,Asia-Pacific,Online,6,5,712.5,217.06,40,Male,Credit Card
NKORD02338,2023-10-01,NK002,Asia-Pacific,Online,3,10,364.5,104.02,21,Female,PayPal
NKORD02339,2023-01-20,NK020,Middle East & Africa,Retail,4,20,96.0,23.09,43,Male,NetBanking
NKORD02340,2023-12-25,NK001,Asia-Pacific,Online,1,0,115.0,35.12,32,Male,PayPal
NKORD02341,2024-10-09,NK018,Middle East & Africa,Outlet,1,0,28.0,6.19,38,Female,Debit Card
NKORD02342,2025-06-21,NK007,Latin America,Retail,1,0,165.0,61.43,31,Male,Credit Card
NKORD02343,2023-05-24,NK012,North America,Wholesale,3,5,85.5,23.63,39,Male,Apple Pay
NKORD02344,2025-04-17,NK012,Asia-Pacific,Retail,1,10,27.0,8.35,34,Female,Credit Card
NKORD02345,2025-04-20,NK006,Asia-Pacific,Outlet,3,20,348.0,102.94,34,Male,PayPal
NKORD02346,2024-01-13,NK003,North America,Online,1,10,171.0,46.24,35,Male,Google Pay
NKORD02347,2024-09-01,NK019,North America,Retail,3,0,60.0,15.56,30,Female,PayPal
NKORD02348,2024-12-17,NK012,Europe,Online,1,0,30.0,8.14,24,Female,Apple Pay
NKORD02349,2023-02-15,NK012,Latin America,Retail,3,20,72.0,22.15,44,Other,UPI
NKORD02350,2024-10-14,NK005,Asia-Pacific,Retail,3,20,408.0,116.49,39,Other,Google Pay
NKORD02351,2024-08-19,NK004,Latin America,Outlet,3,5,342.0,85.75,26,Male,Credit Card
NKORD02352,2024-09-13,NK004,Asia-Pacific,Retail,1,10,108.0,27.1,21,Male,Debit Card
NKORD02353,2023-02-27,NK020,Asia-Pacific,Retail,4,10,108.0,33.3,38,Other,PayPal
NKORD02354,2025-02-13,NK014,North America,Retail,4,5,437.0,145.43,34,Female,Google Pay
NKORD02355,2024-11-04,NK007,Asia-Pacific,Wholesale,3,10,445.5,107.6,29,Female,Apple Pay
NKORD02356,2025-02-06,NK004,Europe,Online,3,0,360.0,107.78,29,Male,UPI
NKORD02357,2025-02-11,NK001,North America,Retail,1,40,69.0,17.0,24,Male,PayPal
NKORD02358,2024-12-16,NK001,Latin America,Wholesale,2,10,207.0,43.32,24,Male,Google Pay
NKORD02359,2024-03-12,NK019,Asia-Pacific,Retail,1,5,19.0,5.72,38,Female,Credit Card
NKORD02360,2025-02-10,NK004,Europe,Retail,2,0,240.0,82.71,27,Female,Apple Pay
NKORD02361,2024-03-16,NK001,Asia-Pacific,Outlet,1,5,109.25,28.7,31,Female,Credit Card
NKORD02362,2023-09-20,NK001,Latin America,Online,5,10,517.5,174.74,38,Female,Google Pay
NKORD02363,2023-12-09,NK005,Middle East & Africa,Wholesale,4,5,646.0,218.87,30,Female,Credit Card
NKORD02364,2023-08-05,NK008,Europe,Online,2,5,237.5,63.48,41,Female,Credit Card
NKORD02365,2023-11-21,NK008,North America,Wholesale,2,10,225.0,57.47,18,Male,Credit Card
NKORD02366,2023-06-01,NK012,Latin America,Wholesale,5,40,90.0,18.06,18,Female,PayPal
NKORD02367,2023-06-18,NK016,Asia-Pacific,Online,3,40,72.0,8.64,24,Female,Debit Card
NKORD02368,2023-02-02,NK003,Latin America,Online,2,10,342.0,114.36,33,Female,Credit Card
NKORD02369,2024-08-22,NK008,North America,Outlet,5,0,625.0,224.89,28,Male,Credit Card
NKORD02370,2023-07-27,NK018,Asia-Pacific,Wholesale,2,20,44.8,11.15,41,Male,Credit Card
NKORD02371,2024-10-12,NK010,Latin America,Online,2,10,117.0,37.25,31,Male,Credit Card
NKORD02372,2024-02-18,NK012,North America,Retail,2,5,57.0,19.51,42,Female,Credit Card
NKORD02373,2023-05-13,NK002,Europe,Retail,2,5,256.5,69.23,28,Female,PayPal
NKORD02374,2024-11-21,NK010,North America,Wholesale,3,0,195.0,49.12,39,Male,Google Pay
NKORD02375,2025-05-06,NK003,Middle East & Africa,Online,1,20,152.0,36.36,36,Male,PayPal
NKORD02376,2023-07-21,NK019,Asia-Pacific,Retail,3,5,57.0,15.45,18,Other,UPI
NKORD02377,2024-05-20,NK007,Asia-Pacific,Online,4,0,660.0,219.85,53,Female,Google Pay
NKORD02378,2024-04-27,NK012,North America,Outlet,5,5,142.5,36.76,39,Male,Google Pay
NKORD02379,2024-08-16,NK014,Asia-Pacific,Outlet,3,0,345.0,113.61,25,Male,Credit Card
NKORD02380,2024-12-08,NK018,Latin America,Online,4,5,106.4,25.94,40,Female,Google Pay
NKORD02381,2023-11-22,NK003,Europe,Outlet,1,0,190.0,49.29,36,Male,NetBanking
NKORD02382,2024-01-14,NK002,North America,Retail,4,0,540.0,170.04,38,Female,UPI
NKORD02383,2024-09-23,NK004,North America,Retail,2,5,228.0,80.44,18,Female,Debit Card
NKORD02384,2023-01-27,NK014,Europe,Outlet,6,0,690.0,188.44,26,Female,Google Pay
NKORD02385,2023-01-02,NK004,Middle East & Africa,Outlet,1,5,114.0,39.03,34,Male,PayPal
NKORD02386,2025-02-14,NK020,Latin America,Retail,1,5,28.5,9.01,46,Female,Cash
NKORD02387,2023-08-11,NK005,Europe,Outlet,4,0,680.0,239.35,46,Female,Credit Card
NKORD02388,2023-01-18,NK002,North America,Online,1,5,128.25,33.28,27,Male,Google Pay
NKORD02389,2024-03-03,NK017,Europe,Wholesale,5,10,225.0,54.03,25,Male,Google Pay
NKORD02390,2023-11-05,NK011,Latin America,Online,3,5,441.75,127.1,37,Male,UPI
NKORD02391,2025-01-10,NK016,Asia-Pacific,Outlet,2,0,80.0,17.5,25,Male,Credit Card
NKORD02392,2023-12-28,NK004,Asia-Pacific,Retail,2,5,228.0,71.5,41,Male,Debit Card
NKORD02393,2024-05-19,NK013,Latin America,Online,4,20,400.0,125.35,30,Female,Debit Card
NKORD02394,2025-09-07,NK012,Asia-Pacific,Wholesale,1,0,30.0,6.67,43,Female,UPI
NKORD02395,2025-05-01,NK020,Europe,Retail,3,5,85.5,23.77,35,Male,UPI
NKORD02396,2023-10-29,NK019,North America,Online,2,20,32.0,8.46,42,Female,Credit Card
NKORD02397,2024-04-08,NK020,Asia-Pacific,Wholesale,3,0,90.0,27.34,18,Female,Credit Card
NKORD02398,2025-07-09,NK016,North America,Wholesale,1,5,38.0,10.52,25,Male,NetBanking
NKORD02399,2024-11-28,NK004,North America,Retail,3,0,360.0,128.15,47,Female,NetBanking
NKORD02400,2023-06-06,NK004,Europe,Online,2,10,216.0,79.82,36,Female,Google Pay
NKORD02401,2023-02-11,NK011,Asia-Pacific,Retail,5,5,736.25,211.08,35,Female,Credit Card
NKORD02402,2024-08-30,NK016,Asia-Pacific,Outlet,2,20,64.0,11.82,33,Female,Credit Card
NKORD02403,2024-08-31,NK008,Europe,Retail,6,0,750.0,248.09,18,Female,UPI
NKORD02404,2025-09-24,NK007,Asia-Pacific,Outlet,3,5,470.25,107.63,24,Female,Credit Card
NKORD02405,2025-03-25,NK006,North America,Retail,2,5,275.5,67.67,18,Female,PayPal
NKORD02406,2024-06-25,NK019,Europe,Online,3,5,57.0,12.51,18,Male,Apple Pay
NKORD02407,2024-02-27,NK010,Europe,Wholesale,4,10,234.0,65.29,32,Male,Debit Card
NKORD02408,2024-07-22,NK011,Europe,Retail,1,5,147.25,49.21,45,Male,NetBanking
NKORD02409,2025-05-03,NK006,North America,Online,3,0,435.0,150.4,27,Female,Google Pay
NKORD02410,2024-07-21,NK006,Latin America,Outlet,5,10,652.5,213.44,40,Male,NetBanking
NKORD02411,2024-09-27,NK014,North America,Retail,2,0,230.0,84.05,33,Male,NetBanking
NKORD02412,2023-12-09,NK017,Latin America,Retail,1,10,45.0,12.98,46,Male,Google Pay
NKORD02413,2024-02-15,NK008,Latin America,Retail,1,5,118.75,30.16,24,Female,Debit Card
NKORD02414,2024-09-05,NK009,North America,Wholesale,6,5,182.4,44.61,32,Male,Debit Card
NKORD02415,2024-05-27,NK009,Europe,Wholesale,4,5,121.6,33.41,21,Male,UPI
NKORD02416,2024-11-11,NK010,Asia-Pacific,Retail,2,10,117.0,25.2,21,Female,Google Pay
NKORD02417,2023-04-07,NK006,Asia-Pacific,Retail,7,20,812.0,228.12,20,Male,UPI
NKORD02418,2024-07-04,NK002,Middle East & Africa,Wholesale,4,10,486.0,149.24,44,Female,NetBanking
NKORD02419,2023-05-16,NK001,Latin America,Online,1,10,103.5,29.25,38,Female,UPI
NKORD02420,2023-04-15,NK015,North America,Retail,7,5,186.2,40.07,31,Male,UPI
NKORD02421,2023-10-01,NK010,Latin America,Online,1,10,58.5,14.17,29,Female,Apple Pay
NKORD02422,2023-11-29,NK001,North America,Retail,1,20,92.0,21.02,30,Female,Debit Card
NKORD02423,2025-09-30,NK001,Latin America,Online,4,10,414.0,112.17,31,Male,Credit Card
NKORD02424,2025-05-01,NK007,North America,Retail,3,10,445.5,105.18,35,Female,Cash
NKORD02425,2025-04-10,NK002,Latin America,Retail,1,10,121.5,33.28,38,Male,UPI
NKORD02426,2023-08-06,NK004,North America,Retail,1,20,96.0,27.7,37,Female,UPI
NKORD02427,2024-06-21,NK003,Middle East & Africa,Online,2,10,342.0,95.64,21,Male,Google Pay
NKORD02428,2025-02-14,NK002,Asia-Pacific,Retail,3,5,384.75,142.1,39,Male,Credit Card
NKORD02429,2023-01-14,NK004,Asia-Pacific,Outlet,1,5,114.0,32.4,58,Female,Cash
NKORD02430,2023-09-04,NK004,Europe,Online,3,5,342.0,86.87,32,Female,Credit Card
NKORD02431,2023-06-10,NK017,Europe,Retail,2,20,80.0,19.23,34,Female,Credit Card
NKORD02432,2025-03-28,NK002,Europe,Online,7,20,756.0,175.93,33,Male,Credit Card
NKORD02433,2023-09-22,NK002,Asia-Pacific,Retail,1,0,135.0,44.97,18,Female,Cash
NKORD02434,2023-10-30,NK004,Asia-Pacific,Online,2,5,228.0,65.14,30,Male,Credit Card
NKORD02435,2025-09-02,NK005,Middle East & Africa,Online,2,40,204.0,30.56,23,Male,Credit Card
NKORD02436,2024-06-02,NK010,Latin America,Online,1,40,39.0,6.86,44,Female,Debit Card
NKORD02437,2024-02-28,NK005,Middle East & Africa,Retail,4,10,612.0,196.1,30,Male,UPI
NKORD02438,2024-12-23,NK016,North America,Online,2,10,72.0,20.05,18,Male,PayPal
NKORD02439,2024-07-28,NK008,Latin America,Wholesale,3,0,375.0,103.25,37,Male,NetBanking
NKORD02440,2023-10-03,NK012,Asia-Pacific,Retail,1,10,27.0,8.33,19,Male,Cash
NKORD02441,2024-05-17,NK004,Latin America,Wholesale,3,10,324.0,90.78,27,Female,Credit Card
NKORD02442,2023-01-29,NK009,Asia-Pacific,Wholesale,5,0,160.0,35.03,50,Male,Credit Card
NKORD02443,2024-06-25,NK009,North America,Online,1,0,32.0,8.12,38,Female,UPI
NKORD02444,2024-03-29,NK019,Europe,Online,3,20,48.0,12.6,27,Male,Debit Card
NKORD02445,2023-04-28,NK005,Europe,Wholesale,4,5,646.0,167.06,23,Female,Credit Card
NKORD02446,2025-03-06,NK016,North America,Retail,5,10,180.0,48.81,35,Male,Credit Card
NKORD02447,2024-04-25,NK007,Asia-Pacific,Online,6,5,940.5,296.71,31,Female,Debit Card
NKORD02448,2023-08-10,NK007,North America,Online,2,10,297.0,100.17,21,Female,Google Pay
NKORD02449,2024-11-30,NK002,Middle East & Africa,Retail,3,5,384.75,94.91,18,Male,PayPal
NKORD02450,2025-09-07,NK002,Middle East & Africa,Online,3,10,364.5,83.76,46,Female,Credit Card
NKORD02451,2024-01-02,NK009,Europe,Wholesale,5,10,144.0,27.59,33,Female,Apple Pay
NKORD02452,2023-11-20,NK016,Middle East & Africa,Retail,6,10,216.0,66.83,18,Male,Debit Card
NKORD02453,2023-06-07,NK004,North America,Outlet,4,0,480.0,120.35,22,Male,Cash
NKORD02454,2024-11-06,NK018,North America,Online,3,5,79.8,24.81,28,Female,NetBanking
NKORD02455,2023-04-21,NK015,Europe,Wholesale,5,5,133.0,34.51,29,Female,Apple Pay
NKORD02456,2024-04-04,NK020,Asia-Pacific,Outlet,2,20,48.0,7.77,25,Male,Credit Card
NKORD02457,2024-05-28,NK011,North America,Wholesale,2,0,310.0,67.57,30,Female,Cash
NKORD02458,2025-08-28,NK004,Europe,Online,3,5,342.0,126.15,46,Male,UPI
NKORD02459,2023-10-03,NK004,North America,Retail,2,0,240.0,74.49,27,Female,UPI
NKORD02460,2023-09-15,NK006,Asia-Pacific,Online,5,10,652.5,157.81,29,Male,UPI
NKORD02461,2024-02-13,NK010,Latin America,Online,2,10,117.0,24.37,18,Male,Debit Card
NKORD02462,2025-06-10,NK016,Latin America,Online,6,5,228.0,63.93,25,Male,Cash
NKORD02463,2024-04-26,NK016,Latin America,Retail,1,10,36.0,10.68,20,Male,Credit Card
NKORD02464,2024-05-31,NK008,Asia-Pacific,Online,6,20,600.0,155.36,39,Male,Credit Card
NKORD02465,2024-12-05,NK003,Asia-Pacific,Outlet,3,5,541.5,134.75,33,Male,PayPal
NKORD02466,2023-06-21,NK007,Asia-Pacific,Retail,2,5,313.5,103.67,29,Female,Google Pay
NKORD02467,2023-03-29,NK011,Europe,Retail,1,0,155.0,42.9,37,Female,Cash
NKORD02468,2023-02-27,NK005,Europe,Retail,3,40,306.0,51.17,19,Male,UPI
NKORD02469,2024-06-27,NK019,Middle East & Africa,Outlet,3,5,57.0,17.35,45,Female,UPI
NKORD02470,2025-06-08,NK019,Europe,Wholesale,1,5,19.0,5.11,18,Male,Debit Card
NKORD02471,2023-03-24,NK015,Asia-Pacific,Online,1,5,26.6,6.35,29,Male,Debit Card
NKORD02472,2023-05-29,NK012,Asia-Pacific,Online,1,20,24.0,5.06,36,Female,Credit Card
NKORD02473,2024-12-20,NK008,Asia-Pacific,Online,2,0,250.0,89.7,33,Female,UPI
NKORD02474,2023-10-28,NK012,North America,Outlet,3,40,54.0,9.65,24,Female,Cash
NKORD02475,2024-12-20,NK018,Middle East & Africa,Online,1,20,22.4,6.09,30,Female,Credit Card
NKORD02476,2025-06-10,NK001,Europe,Retail,1,20,92.0,18.69,30,Male,Google Pay
NKORD02477,2023-07-12,NK003,Middle East & Africa,Online,5,20,760.0,151.94,41,Female,Cash
NKORD02478,2024-10-13,NK002,Asia-Pacific,Retail,4,0,540.0,190.71,32,Female,Debit Card
NKORD02479,2025-04-27,NK007,Asia-Pacific,Retail,2,0,330.0,121.4,35,Male,PayPal
NKORD02480,2024-08-09,NK009,Middle East & Africa,Outlet,1,0,32.0,9.17,28,Male,UPI
NKORD02481,2024-09-25,NK020,Middle East & Africa,Online,3,5,85.5,20.8,39,Male,Apple Pay
NKORD02482,2025-05-07,NK019,Middle East & Africa,Retail,5,10,90.0,23.77,26,Female,Debit Card
NKORD02483,2025-05-05,NK001,Asia-Pacific,Wholesale,1,0,115.0,34.59,18,Male,UPI
NKORD02484,2023-07-29,NK011,North America,Retail,1,0,155.0,57.72,34,Female,UPI
NKORD02485,2024-01-02,NK013,Latin America,Outlet,2,20,200.0,47.49,31,Male,Debit Card
NKORD02486,2023-10-11,NK008,Europe,Retail,3,40,225.0,54.67,38,Male,Credit Card
NKORD02487,2023-06-10,NK015,Asia-Pacific,Outlet,2,5,53.2,13.83,38,Male,Debit Card
NKORD02488,2025-02-21,NK008,Latin America,Online,2,0,250.0,78.34,27,Female,Cash
NKORD02489,2025-03-26,NK018,Asia-Pacific,Retail,6,0,168.0,52.57,42,Male,Credit Card
NKORD02490,2025-04-16,NK006,Europe,Online,6,10,783.0,261.12,28,Male,Google Pay
NKORD02491,2024-07-02,NK018,North America,Online,5,20,112.0,19.12,29,Female,Credit Card
NKORD02492,2025-04-13,NK006,Asia-Pacific,Outlet,3,10,391.5,89.68,38,Female,NetBanking
NKORD02493,2023-02-18,NK020,Latin America,Wholesale,5,5,142.5,25.6,18,Male,UPI
NKORD02494,2024-05-28,NK001,North America,Wholesale,1,10,103.5,33.46,35,Male,NetBanking
NKORD02495,2023-12-04,NK019,Middle East & Africa,Outlet,3,20,48.0,8.8,32,Male,UPI
NKORD02496,2024-03-12,NK017,North America,Retail,2,0,100.0,25.87,38,Male,Credit Card
NKORD02497,2023-11-04,NK010,North America,Outlet,3,5,185.25,55.76,33,Male,Debit Card
NKORD02498,2025-09-30,NK007,Asia-Pacific,Retail,4,5,627.0,194.81,41,Other,UPI
NKORD02499,2024-09-14,NK016,Asia-Pacific,Online,1,0,40.0,12.87,25,Female,Credit Card
NKORD02500,2024-12-15,NK007,Europe,Retail,7,0,1155.0,337.03,31,Male,UPI
NKORD02501,2025-04-12,NK006,Asia-Pacific,Retail,3,40,261.0,68.8,36,Female,Cash
NKORD02502,2023-10-06,NK015,Latin America,Retail,3,10,75.6,18.25,44,Male,Google Pay
NKORD02503,2023-07-19,NK001,Europe,Outlet,3,10,310.5,81.64,21,Female,PayPal
NKORD02504,2025-08-31,NK003,Asia-Pacific,Outlet,2,0,380.0,95.5,55,Female,Debit Card
NKORD02505,2025-04-26,NK010,Europe,Online,2,5,123.5,42.92,38,Male,Credit Card
NKORD02506,2024-12-31,NK006,North America,Retail,7,10,913.5,330.9,47,Female,UPI
NKORD02507,2024-08-29,NK012,Asia-Pacific,Online,7,0,210.0,61.86,35,Female,Debit Card
NKORD02508,2023-01-13,NK020,Middle East & Africa,Online,1,5,28.5,6.99,30,Female,NetBanking
NKORD02509,2025-03-10,NK016,Asia-Pacific,Online,3,0,120.0,29.41,39,Female,Apple Pay
NKORD02510,2024-10-30,NK001,Latin America,Outlet,3,5,327.75,81.73,34,Male,NetBanking
NKORD02511,2025-07-01,NK001,Middle East & Africa,Outlet,2,10,207.0,67.33,41,Male,Cash
NKORD02512,2024-09-17,NK004,Europe,Online,3,10,324.0,99.07,36,Male,Credit Card
NKORD02513,2025-08-03,NK008,Asia-Pacific,Retail,2,20,200.0,38.66,49,Female,PayPal
NKORD02514,2025-06-08,NK017,Asia-Pacific,Online,3,5,142.5,37.13,34,Female,NetBanking
NKORD02515,2024-05-12,NK009,Asia-Pacific,Outlet,1,0,32.0,7.18,33,Female,Debit Card
NKORD02516,2024-11-08,NK019,Europe,Retail,1,10,18.0,5.53,41,Female,Google Pay
NKORD02517,2024-11-23,NK015,Latin America,Retail,6,0,168.0,37.45,43,Male,Debit Card
NKORD02518,2024-10-05,NK018,Middle East & Africa,Online,2,10,50.4,10.96,27,Male,Google Pay
NKORD02519,2024-11-30,NK016,Latin America,Outlet,1,10,36.0,7.9,40,Female,PayPal
NKORD02520,2025-06-06,NK006,Latin America,Outlet,6,20,696.0,158.93,19,Male,PayPal
NKORD02521,2024-08-04,NK018,Asia-Pacific,Outlet,3,20,67.2,15.11,24,Male,Credit Card
NKORD02522,2025-04-22,NK019,Asia-Pacific,Online,2,10,36.0,6.83,22,Male,NetBanking
NKORD02523,2025-05-22,NK013,North America,Retail,6,40,450.0,89.77,34,Female,NetBanking
NKORD02524,2024-12-19,NK003,Europe,Retail,4,5,722.0,234.21,37,Male,Debit Card
NKORD02525,2023-01-04,NK014,Asia-Pacific,Retail,3,5,327.75,94.62,34,Female,NetBanking
NKORD02526,2024-01-31,NK019,Latin America,Online,4,20,64.0,14.58,20,Female,Debit Card
NKORD02527,2025-07-08,NK013,Asia-Pacific,Wholesale,1,5,118.75,37.91,35,Female,Credit Card
NKORD02528,2024-06-27,NK008,Middle East & Africa,Retail,2,20,200.0,45.52,45,Other,Debit Card
NKORD02529,2024-11-13,NK014,North America,Online,6,40,414.0,72.54,49,Male,NetBanking
NKORD02530,2023-08-05,NK002,Asia-Pacific,Retail,1,5,128.25,46.69,32,Male,Debit Card
NKORD02531,2025-07-08,NK011,Asia-Pacific,Retail,1,40,93.0,24.46,20,Male,UPI
NKORD02532,2024-11-22,NK004,Asia-Pacific,Retail,2,5,228.0,62.14,31,Male,PayPal
NKORD02533,2025-03-19,NK010,Asia-Pacific,Wholesale,2,5,123.5,36.76,37,Male,Credit Card
NKORD02534,2024-03-03,NK010,Asia-Pacific,Online,2,10,117.0,34.46,35,Male,Apple Pay
NKORD02535,2024-01-13,NK010,Asia-Pacific,Wholesale,3,10,175.5,46.91,36,Female,NetBanking
NKORD02536,2024-09-14,NK011,Europe,Retail,1,0,155.0,37.77,18,Male,Credit Card
NKORD02537,2024-11-11,NK018,Latin America,Online,1,10,25.2,5.1,48,Female,Credit Card
NKORD02538,2025-04-12,NK006,North America,Online,3,20,348.0,108.43,38,Female,Debit Card
NKORD02539,2024-03-28,NK002,Europe,Retail,1,5,128.25,33.75,27,Female,PayPal
NKORD02540,2024-12-21,NK006,Middle East & Africa,Retail,2,0,290.0,100.31,18,Female,Credit Card
NKORD02541,2025-01-15,NK012,Asia-Pacific,Online,6,10,162.0,54.06,20,Male,Debit Card
NKORD02542,2025-01-19,NK004,Asia-Pacific,Online,3,5,342.0,125.9,44,Male,Credit Card
NKORD02543,2024-05-09,NK011,Asia-Pacific,Online,2,40,186.0,41.87,43,Male,Credit Card
NKORD02544,2024-11-02,NK001,Asia-Pacific,Wholesale,2,5,218.5,47.28,40,Female,Google Pay
NKORD02545,2023-03-01,NK005,Latin America,Online,5,5,807.5,207.2,27,Female,Credit Card
NKORD02546,2024-03-07,NK020,Asia-Pacific,Retail,3,10,81.0,20.48,30,Female,Credit Card
NKORD02547,2025-08-12,NK016,Latin America,Outlet,2,5,76.0,21.34,39,Other,NetBanking
NKORD02548,2025-04-23,NK002,North America,Retail,3,0,405.0,135.6,40,Other,UPI
NKORD02549,2024-11-25,NK004,Europe,Online,4,0,480.0,169.41,32,Female,Google Pay
NKORD02550,2024-06-03,NK009,Europe,Wholesale,2,0,64.0,13.71,34,Male,PayPal
NKORD02551,2023-05-20,NK010,Asia-Pacific,Online,6,0,390.0,124.26,23,Male,PayPal
NKORD02552,2023-10-24,NK006,North America,Online,7,40,609.0,120.5,23,Male,Credit Card
NKORD02553,2023-07-03,NK007,Asia-Pacific,Online,1,0,165.0,57.43,18,Female,PayPal
NKORD02554,2024-05-23,NK005,Europe,Retail,3,5,484.5,179.91,37,Male,Credit Card
NKORD02555,2023-04-05,NK007,North America,Retail,3,10,445.5,139.38,18,Male,Debit Card
NKORD02556,2023-11-15,NK003,North America,Outlet,7,5,1263.5,368.18,25,Male,Debit Card
NKORD02557,2023-08-24,NK005,Europe,Online,1,0,170.0,56.82,52,Male,Credit Card
NKORD02558,2024-03-01,NK001,North America,Online,7,20,644.0,188.32,35,Female,Google Pay
NKORD02559,2024-12-04,NK012,North America,Retail,1,20,24.0,5.33,21,Female,Credit Card
NKORD02560,2023-11-15,NK007,Europe,Online,2,0,330.0,108.0,36,Male,UPI
NKORD02561,2024-08-05,NK006,Latin America,Retail,2,20,232.0,64.59,27,Male,Apple Pay
NKORD02562,2024-10-23,NK020,North America,Retail,2,0,60.0,14.74,45,Female,Google Pay
NKORD02563,2023-12-28,NK007,Asia-Pacific,Outlet,4,0,660.0,240.57,44,Male,Cash
NKORD02564,2023-04-07,NK003,Middle East & Africa,Retail,3,0,570.0,172.71,35,Female,NetBanking
NKORD02565,2025-06-05,NK019,North America,Online,2,20,32.0,7.69,35,Male,UPI
NKORD02566,2024-10-25,NK012,Asia-Pacific,Outlet,2,5,57.0,13.93,46,Female,Apple Pay
NKORD02567,2023-03-20,NK004,North America,Retail,3,20,288.0,61.31,44,Other,PayPal
NKORD02568,2024-02-05,NK006,Latin America,Online,2,0,290.0,106.57,38,Male,Credit Card
NKORD02569,2024-09-06,NK015,Asia-Pacific,Retail,3,0,84.0,28.26,23,Female,Credit Card
NKORD02570,2025-07-07,NK016,Asia-Pacific,Online,2,5,76.0,21.2,32,Female,Credit Card
NKORD02571,2023-06-05,NK002,Latin America,Online,5,20,540.0,113.07,21,Male,Debit Card
NKORD02572,2024-11-15,NK008,Asia-Pacific,Wholesale,3,5,356.25,99.46,33,Male,PayPal
NKORD02573,2024-01-15,NK008,Asia-Pacific,Wholesale,2,10,225.0,58.37,35,Male,Google Pay
NKORD02574,2023-12-03,NK015,Latin America,Online,2,0,56.0,15.98,41,Male,Credit Card
NKORD02575,2023-08-14,NK016,Asia-Pacific,Online,1,20,32.0,8.09,37,Female,Apple Pay
NKORD02576,2024-09-26,NK004,Latin America,Online,2,5,228.0,80.53,45,Female,Google Pay
NKORD02577,2024-02-13,NK002,Europe,Online,4,5,513.0,173.94,36,Male,Apple Pay
NKORD02578,2023-11-09,NK012,Asia-Pacific,Online,7,0,210.0,54.12,19,Male,Apple Pay
NKORD02579,2025-08-04,NK004,North America,Online,3,0,360.0,107.1,33,Male,Apple Pay
NKORD02580,2023-02-02,NK010,Middle East & Africa,Retail,3,40,117.0,22.49,43,Male,UPI
NKORD02581,2023-07-24,NK009,Europe,Online,7,40,134.4,27.43,21,Male,Credit Card
NKORD02582,2025-08-09,NK013,Middle East & Africa,Outlet,1,0,125.0,33.41,18,Female,UPI
NKORD02583,2024-06-26,NK018,North America,Outlet,1,10,25.2,7.16,22,Female,NetBanking
NKORD02584,2023-11-19,NK009,Asia-Pacific,Online,2,20,51.2,13.76,44,Male,UPI
NKORD02585,2023-05-19,NK004,Asia-Pacific,Retail,4,5,456.0,155.88,18,Male,Credit Card
NKORD02586,2023-02-21,NK010,North America,Online,4,10,234.0,69.9,23,Male,Google Pay
NKORD02587,2023-10-30,NK020,North America,Retail,4,0,120.0,42.25,18,Male,Credit Card
NKORD02588,2023-06-06,NK008,Europe,Retail,3,5,356.25,89.87,33,Female,UPI
NKORD02589,2025-09-11,NK002,Latin America,Outlet,3,20,324.0,84.52,34,Female,Google Pay
NKORD02590,2023-05-02,NK013,North America,Outlet,1,0,125.0,44.51,18,Female,Debit Card
NKORD02591,2023-05-07,NK006,Latin America,Outlet,7,20,812.0,217.03,24,Female,Debit Card
NKORD02592,2024-09-28,NK019,Europe,Online,2,0,40.0,13.06,25,Male,Credit Card
NKORD02593,2024-07-01,NK019,North America,Retail,4,5,76.0,16.67,18,Female,Credit Card
NKORD02594,2023-10-19,NK003,Europe,Retail,6,5,1083.0,325.27,40,Female,Apple Pay
NKORD02595,2023-03-06,NK018,North America,Online,3,10,75.6,20.48,28,Male,Debit Card
NKORD02596,2024-09-06,NK005,Latin America,Retail,4,10,612.0,208.37,41,Female,Debit Card
NKORD02597,2023-11-16,NK019,Asia-Pacific,Wholesale,1,5,19.0,4.02,35,Female,Google Pay
NKORD02598,2024-12-17,NK010,North America,Online,6,5,370.5,129.41,35,Male,Credit Card
NKORD02599,2025-01-07,NK010,Asia-Pacific,Retail,3,5,185.25,44.56,44,Female,Cash
NKORD02600,2023-04-09,NK012,Latin America,Online,3,10,81.0,17.51,27,Male,Credit Card
NKORD02601,2023-09-26,NK015,Asia-Pacific,Retail,5,10,126.0,29.26,22,Female,PayPal
NKORD02602,2023-07-05,NK006,Latin America,Wholesale,1,5,137.75,32.91,24,Male,Google Pay
NKORD02603,2025-07-14,NK001,Latin America,Online,1,10,103.5,30.77,31,Male,Debit Card
NKORD02604,2024-02-09,NK010,Europe,Wholesale,1,20,52.0,8.33,44,Male,Credit Card
NKORD02605,2024-05-15,NK007,North America,Online,2,10,297.0,83.33,29,Male,Credit Card
NKORD02606,2023-07-08,NK003,Latin America,Online,2,10,342.0,94.29,45,Other,Credit Card
NKORD02607,2025-03-20,NK016,North America,Wholesale,1,5,38.0,10.1,24,Male,Credit Card
NKORD02608,2024-04-28,NK004,Latin America,Online,1,10,108.0,39.24,43,Female,Debit Card
NKORD02609,2024-01-06,NK019,Asia-Pacific,Online,3,0,60.0,20.89,48,Female,PayPal
NKORD02610,2025-01-06,NK005,Asia-Pacific,Retail,5,0,850.0,300.28,33,Female,Google Pay
NKORD02611,2023-01-05,NK010,Asia-Pacific,Online,3,10,175.5,58.88,29,Female,UPI
NKORD02612,2023-12-21,NK020,North America,Wholesale,3,0,90.0,17.13,37,Male,Credit Card
NKORD02613,2024-04-15,NK018,North America,Wholesale,3,0,84.0,25.32,25,Female,Debit Card
NKORD02614,2023-01-25,NK012,Europe,Online,3,10,81.0,25.25,25,Male,NetBanking
NKORD02615,2023-08-01,NK007,Europe,Wholesale,4,0,660.0,221.65,40,Female,Debit Card
NKORD02616,2024-06-23,NK003,Europe,Retail,7,10,1197.0,380.07,32,Male,Apple Pay
NKORD02617,2024-10-17,NK004,Asia-Pacific,Retail,3,20,288.0,83.57,49,Male,Credit Card
NKORD02618,2023-11-29,NK013,Latin America,Retail,5,10,562.5,174.61,23,Male,Debit Card
NKORD02619,2025-03-09,NK003,Europe,Online,3,0,570.0,203.82,33,Male,Google Pay
NKORD02620,2023-03-16,NK003,Latin America,Wholesale,4,5,722.0,227.95,20,Female,Google Pay
NKORD02621,2025-05-05,NK020,Europe,Online,5,20,120.0,27.63,32,Other,Cash
NKORD02622,2023-10-30,NK016,Asia-Pacific,Online,1,5,38.0,11.3,32,Male,PayPal
NKORD02623,2023-01-18,NK006,Asia-Pacific,Online,4,20,464.0,138.18,20,Male,Debit Card
NKORD02624,2023-08-31,NK009,Latin America,Online,3,0,96.0,35.35,36,Male,UPI
NKORD02625,2023-12-04,NK001,North America,Online,3,5,327.75,116.77,43,Female,UPI
NKORD02626,2024-08-15,NK006,Europe,Outlet,3,5,413.25,119.49,51,Female,Google Pay
NKORD02627,2024-08-04,NK017,Asia-Pacific,Wholesale,1,0,50.0,12.18,40,Male,Apple Pay
NKORD02628,2024-05-08,NK019,Europe,Retail,5,0,100.0,28.2,18,Female,Debit Card
NKORD02629,2024-01-01,NK004,Europe,Online,5,20,480.0,106.72,19,Male,NetBanking
NKORD02630,2024-11-06,NK004,Europe,Retail,2,0,240.0,89.54,29,Female,Debit Card
NKORD02631,2023-04-04,NK015,Middle East & Africa,Online,2,0,56.0,19.18,36,Female,UPI
NKORD02632,2025-02-12,NK006,Europe,Retail,2,0,290.0,89.34,26,Male,Apple Pay
NKORD02633,2023-08-09,NK017,Middle East & Africa,Outlet,3,20,120.0,26.82,18,Male,PayPal
NKORD02634,2024-01-03,NK005,Europe,Online,3,20,408.0,89.01,35,Female,Google Pay
NKORD02635,2024-03-28,NK001,Europe,Outlet,2,10,207.0,45.92,33,Female,Google Pay
NKORD02636,2024-04-14,NK015,North America,Online,3,5,79.8,17.75,25,Female,Debit Card
NKORD02637,2023-03-05,NK001,Asia-Pacific,Wholesale,1,0,115.0,35.95,29,Male,Debit Card
NKORD02638,2023-04-26,NK006,Europe,Retail,1,0,145.0,49.81,31,Male,PayPal
NKORD02639,2023-03-04,NK003,Latin America,Retail,4,5,722.0,244.32,29,Male,Apple Pay
NKORD02640,2023-03-27,NK015,Europe,Retail,1,10,25.2,5.35,40,Male,Credit Card
NKORD02641,2024-08-28,NK016,North America,Retail,1,0,40.0,13.11,42,Female,UPI
NKORD02642,2024-01-08,NK011,Middle East & Africa,Online,1,5,147.25,39.3,18,Other,UPI
NKORD02643,2025-07-24,NK006,North America,Retail,1,10,130.5,39.1,24,Female,PayPal
NKORD02644,2023-07-25,NK003,Latin America,Outlet,2,5,361.0,106.67,32,Female,UPI
NKORD02645,2024-04-23,NK003,Asia-Pacific,Online,1,5,180.5,69.71,18,Female,PayPal
NKORD02646,2023-11-15,NK016,North America,Retail,2,0,80.0,18.73,36,Female,NetBanking
NKORD02647,2024-08-12,NK019,North America,Online,4,10,72.0,15.74,26,Male,NetBanking
NKORD02648,2023-03-28,NK004,Europe,Online,3,20,288.0,71.79,30,Male,UPI
NKORD02649,2023-03-30,NK011,Middle East & Africa,Online,4,10,558.0,134.58,44,Male,NetBanking
NKORD02650,2023-11-19,NK009,Latin America,Retail,7,0,224.0,62.24,50,Female,Credit Card
NKORD02651,2024-08-26,NK018,Asia-Pacific,Online,1,5,26.6,6.8,37,Female,UPI
NKORD02652,2025-07-26,NK009,Asia-Pacific,Wholesale,4,20,102.4,21.79,20,Female,PayPal
NKORD02653,2023-10-22,NK012,Middle East & Africa,Outlet,1,20,24.0,6.43,31,Female,Credit Card
NKORD02654,2024-01-29,NK007,Latin America,Online,3,10,445.5,129.79,27,Other,Apple Pay
NKORD02655,2025-02-01,NK012,Latin America,Retail,4,40,72.0,10.64,18,Other,Google Pay
NKORD02656,2024-06-12,NK008,Europe,Retail,2,0,250.0,80.46,45,Male,Debit Card
NKORD02657,2023-03-06,NK004,Asia-Pacific,Online,3,40,216.0,44.22,28,Male,Credit Card
NKORD02658,2023-02-20,NK005,Latin America,Online,1,20,136.0,36.84,21,Female,Cash
NKORD02659,2024-01-31,NK019,North America,Online,2,10,36.0,12.14,38,Female,Credit Card
NKORD02660,2024-05-24,NK013,Europe,Online,2,20,200.0,54.4,27,Male,UPI
NKORD02661,2025-09-10,NK020,Asia-Pacific,Retail,2,5,57.0,18.91,28,Female,NetBanking
NKORD02662,2023-12-05,NK004,North America,Online,4,20,384.0,110.71,44,Female,Google Pay
NKORD02663,2025-07-09,NK019,Europe,Wholesale,1,5,19.0,3.31,34,Male,Google Pay
NKORD02664,2023-11-14,NK006,North America,Online,1,5,137.75,50.12,33,Female,PayPal
NKORD02665,2025-03-04,NK017,North America,Online,4,5,190.0,65.74,26,Male,PayPal
NKORD02666,2024-12-29,NK002,Latin America,Wholesale,1,20,108.0,28.06,50,Female,Cash
NKORD02667,2025-02-22,NK020,Europe,Outlet,3,10,81.0,19.29,27,Other,Credit Card
NKORD02668,2023-10-04,NK007,Latin America,Retail,5,20,660.0,150.97,18,Male,Debit Card
NKORD02669,2023-07-24,NK019,Latin America,Retail,2,20,32.0,5.38,36,Male,Credit Card
NKORD02670,2023-07-05,NK003,Asia-Pacific,Outlet,6,0,1140.0,278.77,27,Female,Google Pay
NKORD02671,2024-05-05,NK013,Latin America,Retail,3,0,375.0,136.27,33,Female,Debit Card
NKORD02672,2024-06-01,NK007,North America,Outlet,1,10,148.5,45.16,33,Female,UPI
NKORD02673,2025-09-27,NK015,Middle East & Africa,Outlet,6,10,151.2,29.35,31,Female,Debit Card
NKORD02674,2024-10-10,NK004,Asia-Pacific,Online,1,5,114.0,40.65,44,Male,Credit Card
NKORD02675,2024-04-02,NK019,Latin America,Online,3,0,60.0,16.27,47,Female,Debit Card
NKORD02676,2024-05-03,NK015,Europe,Outlet,1,5,26.6,5.67,29,Other,Cash
NKORD02677,2023-12-30,NK004,Latin America,Online,2,5,228.0,86.82,39,Female,Debit Card
NKORD02678,2023-12-11,NK017,Latin America,Retail,5,10,225.0,69.5,18,Female,Cash
NKORD02679,2023-08-31,NK012,Asia-Pacific,Online,1,10,27.0,7.15,18,Female,Credit Card
NKORD02680,2024-10-16,NK014,North America,Online,3,40,207.0,35.9,31,Male,Debit Card
NKORD02681,2024-07-04,NK018,Latin America,Wholesale,2,10,50.4,9.21,42,Male,Google Pay
NKORD02682,2024-12-04,NK009,North America,Outlet,4,0,128.0,40.03,36,Male,Google Pay
NKORD02683,2024-07-09,NK018,Latin America,Retail,2,10,50.4,16.14,25,Female,Debit Card
NKORD02684,2024-02-03,NK020,Asia-Pacific,Outlet,4,20,96.0,17.64,30,Female,Credit Card
NKORD02685,2025-01-30,NK015,Middle East & Africa,Retail,1,40,16.8,2.09,21,Male,Apple Pay
NKORD02686,2023-12-02,NK010,Latin America,Outlet,3,20,156.0,25.23,18,Male,PayPal
NKORD02687,2025-03-31,NK006,Latin America,Retail,3,20,348.0,93.94,28,Male,Credit Card
NKORD02688,2024-12-14,NK019,Europe,Online,1,5,19.0,5.43,32,Male,Google Pay
NKORD02689,2023-10-16,NK004,Latin America,Online,2,10,216.0,49.44,38,Male,PayPal
NKORD02690,2023-08-18,NK005,Europe,Online,1,5,161.5,50.45,28,Female,UPI
NKORD02691,2023-02-10,NK008,Asia-Pacific,Retail,2,0,250.0,96.86,36,Female,NetBanking
NKORD02692,2024-01-08,NK011,North America,Online,6,10,837.0,262.19,34,Male,UPI
NKORD02693,2024-12-27,NK019,Europe,Outlet,4,40,48.0,8.96,33,Female,UPI
NKORD02694,2025-02-11,NK012,Europe,Outlet,4,10,108.0,23.99,45,Male,PayPal
NKORD02695,2025-05-05,NK012,Middle East & Africa,Online,1,5,28.5,8.55,25,Male,Credit Card
NKORD02696,2024-09-04,NK020,Asia-Pacific,Wholesale,3,5,85.5,24.78,20,Female,Credit Card
NKORD02697,2024-03-14,NK020,Asia-Pacific,Online,2,20,48.0,9.01,26,Male,NetBanking
NKORD02698,2025-06-26,NK007,Europe,Wholesale,2,0,330.0,88.54,30,Male,Debit Card
NKORD02699,2023-02-25,NK008,Latin America,Wholesale,2,10,225.0,54.1,33,Male,NetBanking
NKORD02700,2025-09-13,NK007,Europe,Retail,5,5,783.75,220.97,35,Male,Debit Card
NKORD02701,2023-01-15,NK009,Middle East & Africa,Online,1,10,28.8,8.27,28,Female,Debit Card
NKORD02702,2025-09-06,NK010,Europe,Retail,4,5,247.0,58.41,40,Male,NetBanking
NKORD02703,2025-03-18,NK016,North America,Retail,1,0,40.0,12.74,37,Other,UPI
NKORD02704,2025-01-25,NK009,Latin America,Online,4,20,102.4,25.65,32,Male,Google Pay
NKORD02705,2024-10-31,NK017,Europe,Retail,3,10,135.0,32.76,18,Female,Debit Card
NKORD02706,2025-08-20,NK018,Latin America,Online,7,5,186.2,61.85,18,Female,UPI
NKORD02707,2023-03-14,NK007,North America,Outlet,2,5,313.5,100.54,27,Male,NetBanking
NKORD02708,2024-12-31,NK001,Europe,Online,3,10,310.5,79.4,22,Female,PayPal
NKORD02709,2023-07-05,NK017,North America,Online,1,5,47.5,10.51,36,Other,Credit Card
NKORD02710,2024-09-30,NK004,Europe,Wholesale,2,5,228.0,59.32,25,Female,Debit Card
NKORD02711,2025-03-18,NK001,Asia-Pacific,Online,3,5,327.75,101.9,34,Male,Debit Card
NKORD02712,2024-09-27,NK017,Europe,Retail,1,40,30.0,7.39,37,Male,PayPal
NKORD02713,2025-08-08,NK011,Latin America,Online,3,10,418.5,129.75,27,Female,Google Pay
NKORD02714,2025-02-21,NK004,Middle East & Africa,Online,1,10,108.0,35.63,50,Male,Google Pay
NKORD02715,2023-12-31,NK015,Asia-Pacific,Wholesale,3,10,75.6,18.28,25,Female,Apple Pay
NKORD02716,2025-02-03,NK020,Latin America,Online,5,5,142.5,34.86,29,Male,Credit Card
NKORD02717,2024-07-26,NK004,Europe,Retail,5,5,570.0,159.17,29,Male,Apple Pay
NKORD02718,2023-12-04,NK006,North America,Online,4,10,522.0,130.03,34,Female,NetBanking
NKORD02719,2025-02-15,NK007,Middle East & Africa,Online,1,10,148.5,46.51,36,Female,Debit Card
NKORD02720,2023-06-04,NK009,Europe,Outlet,3,10,86.4,23.04,26,Male,PayPal
NKORD02721,2024-05-19,NK017,North America,Retail,3,5,142.5,41.4,36,Male,Apple Pay
NKORD02722,2023-11-16,NK018,North America,Online,1,0,28.0,6.55,33,Male,Debit Card
NKORD02723,2025-08-01,NK020,Asia-Pacific,Wholesale,3,10,81.0,19.23,38,Female,Google Pay
NKORD02724,2024-01-24,NK009,Asia-Pacific,Retail,6,20,153.6,35.47,32,Male,Credit Card
NKORD02725,2023-06-18,NK009,Asia-Pacific,Retail,3,40,57.6,9.66,40,Female,UPI
NKORD02726,2023-01-31,NK015,Asia-Pacific,Outlet,2,40,33.6,5.29,33,Female,Credit Card
NKORD02727,2024-05-19,NK003,Asia-Pacific,Retail,4,10,684.0,226.03,46,Male,Debit Card
NKORD02728,2025-05-29,NK007,Latin America,Wholesale,1,0,165.0,47.61,23,Other,Debit Card
NKORD02729,2025-06-02,NK010,North America,Outlet,7,10,409.5,108.3,43,Female,UPI
NKORD02730,2025-06-09,NK019,Europe,Online,1,10,18.0,4.21,28,Male,PayPal
NKORD02731,2024-02-29,NK019,Europe,Online,2,20,32.0,6.27,29,Male,Credit Card
NKORD02732,2025-04-20,NK016,Asia-Pacific,Online,4,0,160.0,38.43,27,Male,Google Pay
NKORD02733,2025-03-14,NK020,North America,Online,4,20,96.0,16.48,18,Male,Cash
NKORD02734,2023-12-09,NK001,Latin America,Retail,2,20,184.0,35.26,28,Female,UPI
NKORD02735,2024-07-05,NK014,Europe,Retail,4,5,437.0,144.34,18,Female,PayPal
NKORD02736,2025-02-06,NK004,Middle East & Africa,Retail,2,10,216.0,59.09,25,Male,Debit Card
NKORD02737,2025-07-26,NK016,North America,Wholesale,7,10,252.0,59.61,38,Male,Debit Card
NKORD02738,2024-08-10,NK017,Middle East & Africa,Retail,1,0,50.0,15.64,30,Female,NetBanking
NKORD02739,2025-05-04,NK006,North America,Retail,6,10,783.0,187.5,34,Female,UPI
NKORD02740,2025-05-28,NK010,Latin America,Retail,1,10,58.5,12.6,32,Female,NetBanking
NKORD02741,2024-05-15,NK018,Europe,Retail,1,0,28.0,8.44,35,Male,Credit Card
NKORD02742,2023-07-11,NK012,Middle East & Africa,Online,2,0,60.0,14.79,34,Female,Credit Card
NKORD02743,2023-05-31,NK002,Latin America,Retail,4,20,432.0,114.82,38,Male,Google Pay
NKORD02744,2025-09-04,NK008,Asia-Pacific,Online,4,10,450.0,136.61,27,Male,Credit Card
NKORD02745,2024-04-21,NK014,North America,Online,5,5,546.25,195.31,34,Female,Debit Card
NKORD02746,2023-06-24,NK011,North America,Outlet,4,20,496.0,111.18,36,Male,Credit Card
NKORD02747,2023-11-15,NK018,Asia-Pacific,Outlet,2,40,33.6,4.03,42,Male,PayPal
NKORD02748,2025-09-15,NK020,Asia-Pacific,Outlet,3,20,72.0,13.77,27,Male,Credit Card
NKORD02749,2024-03-01,NK016,North America,Online,2,0,80.0,18.37,54,Male,Credit Card
NKORD02750,2024-12-07,NK013,Latin America,Retail,1,0,125.0,33.77,26,Female,Google Pay
NKORD02751,2024-08-29,NK019,North America,Wholesale,2,10,36.0,10.43,25,Female,Apple Pay
NKORD02752,2024-05-20,NK017,North America,Outlet,2,10,90.0,19.92,26,Male,Google Pay
NKORD02753,2023-01-31,NK019,Asia-Pacific,Online,2,10,36.0,9.97,18,Male,Credit Card
NKORD02754,2024-11-19,NK013,North America,Wholesale,1,5,118.75,26.16,31,Male,Debit Card
NKORD02755,2023-11-24,NK008,Asia-Pacific,Outlet,2,10,225.0,50.84,44,Female,NetBanking
NKORD02756,2024-11-11,NK004,Latin America,Online,3,10,324.0,108.03,44,Male,Cash
NKORD02757,2024-10-23,NK006,North America,Outlet,4,0,580.0,168.24,41,Male,NetBanking
NKORD02758,2025-04-25,NK001,North America,Online,2,20,184.0,38.08,40,Other,Debit Card
NKORD02759,2025-04-26,NK009,Latin America,Retail,4,20,102.4,28.64,31,Other,Debit Card
NKORD02760,2023-07-05,NK003,Europe,Online,2,5,361.0,121.93,18,Female,NetBanking
NKORD02761,2023-12-06,NK020,Latin America,Online,3,0,90.0,32.3,31,Male,Apple Pay
NKORD02762,2025-07-21,NK012,North America,Online,4,10,108.0,32.7,34,Male,UPI
NKORD02763,2025-07-17,NK015,Asia-Pacific,Retail,3,10,75.6,20.23,30,Male,Debit Card
NKORD02764,2025-06-29,NK002,Europe,Retail,3,0,405.0,140.48,37,Female,UPI
NKORD02765,2024-01-12,NK004,Latin America,Retail,2,10,216.0,50.76,26,Male,Credit Card
NKORD02766,2025-02-07,NK005,Asia-Pacific,Outlet,1,5,161.5,45.19,27,Male,Google Pay
NKORD02767,2024-12-14,NK012,Asia-Pacific,Outlet,2,10,54.0,11.4,41,Male,Google Pay
NKORD02768,2024-05-18,NK014,North America,Retail,2,0,230.0,68.66,25,Male,Apple Pay
NKORD02769,2023-11-05,NK001,North America,Retail,4,5,437.0,141.14,18,Female,Credit Card
NKORD02770,2023-02-09,NK020,Middle East & Africa,Online,1,20,24.0,5.22,22,Male,UPI
NKORD02771,2024-04-11,NK012,Europe,Outlet,4,0,120.0,41.91,23,Male,Apple Pay
NKORD02772,2023-11-01,NK015,North America,Retail,2,5,53.2,12.72,33,Male,NetBanking
NKORD02773,2024-03-26,NK008,Middle East & Africa,Outlet,2,0,250.0,81.48,34,Male,Credit Card
NKORD02774,2023-11-10,NK004,North America,Online,1,10,108.0,32.92,42,Female,Cash
NKORD02775,2024-01-24,NK002,Europe,Online,3,5,384.75,120.1,18,Male,UPI
NKORD02776,2023-04-08,NK002,Europe,Retail,3,0,405.0,146.12,27,Female,Credit Card
NKORD02777,2023-05-20,NK013,Asia-Pacific,Outlet,2,20,200.0,31.63,34,Female,UPI
NKORD02778,2023-10-25,NK004,Latin America,Retail,5,5,570.0,195.75,18,Male,UPI
NKORD02779,2025-06-28,NK018,Middle East & Africa,Retail,4,0,112.0,31.51,22,Male,UPI
NKORD02780,2023-11-06,NK015,Asia-Pacific,Retail,1,0,28.0,6.55,37,Male,Debit Card
NKORD02781,2023-11-19,NK008,Europe,Retail,3,40,225.0,39.43,40,Male,Google Pay
NKORD02782,2025-04-06,NK002,Latin America,Retail,1,0,135.0,44.84,45,Male,UPI
NKORD02783,2025-06-29,NK001,North America,Online,1,10,103.5,34.75,44,Male,NetBanking
NKORD02784,2023-04-01,NK009,Europe,Retail,3,20,76.8,23.38,25,Male,UPI
NKORD02785,2024-10-31,NK010,Middle East & Africa,Retail,1,5,61.75,16.2,22,Female,PayPal
NKORD02786,2024-02-10,NK001,Europe,Retail,5,10,517.5,193.08,24,Male,Google Pay
NKORD02787,2025-08-23,NK005,Middle East & Africa,Retail,1,5,161.5,46.24,35,Female,PayPal
NKORD02788,2023-12-02,NK013,Asia-Pacific,Online,7,0,875.0,311.11,37,Female,UPI
NKORD02789,2024-02-21,NK017,Asia-Pacific,Outlet,7,5,332.5,106.51,34,Female,Debit Card
NKORD02790,2023-11-01,NK013,North America,Online,2,5,237.5,56.88,29,Male,Apple Pay
NKORD02791,2024-07-03,NK002,North America,Online,1,0,135.0,35.66,24,Female,NetBanking
NKORD02792,2023-09-22,NK020,Asia-Pacific,Online,4,40,72.0,10.1,34,Male,Debit Card
NKORD02793,2024-08-10,NK007,Europe,Outlet,2,10,297.0,80.45,43,Male,Credit Card
NKORD02794,2024-01-12,NK009,Asia-Pacific,Retail,2,0,64.0,22.67,26,Other,PayPal
NKORD02795,2023-02-16,NK019,North America,Outlet,4,10,72.0,17.36,36,Female,Credit Card
NKORD02796,2024-12-30,NK001,North America,Online,3,10,310.5,96.54,35,Female,NetBanking
NKORD02797,2024-12-14,NK010,Latin America,Retail,5,5,308.75,76.68,32,Male,Credit Card
NKORD02798,2023-09-04,NK012,Middle East & Africa,Online,1,10,27.0,8.59,20,Male,Apple Pay
NKORD02799,2023-04-12,NK005,North America,Wholesale,1,5,161.5,53.45,40,Female,UPI
NKORD02800,2025-08-18,NK016,North America,Online,5,5,190.0,52.34,35,Female,UPI
NKORD02801,2024-06-24,NK014,Asia-Pacific,Online,2,0,230.0,87.18,45,Male,PayPal
NKORD02802,2024-01-15,NK010,Europe,Outlet,4,20,208.0,55.47,25,Male,Credit Card
NKORD02803,2023-09-13,NK006,Latin America,Online,2,20,232.0,63.82,24,Male,Credit Card
NKORD02804,2025-02-17,NK019,Middle East & Africa,Outlet,5,5,95.0,23.61,34,Female,Credit Card
NKORD02805,2025-09-24,NK020,Europe,Online,6,0,180.0,47.56,36,Male,NetBanking
NKORD02806,2023-06-19,NK012,Middle East & Africa,Retail,3,20,72.0,19.96,27,Female,NetBanking
NKORD02807,2024-06-15,NK016,Middle East & Africa,Wholesale,2,10,72.0,16.24,35,Female,Apple Pay
NKORD02808,2025-05-07,NK007,Europe,Outlet,1,5,156.75,51.87,29,Female,Debit Card
NKORD02809,2023-08-08,NK019,Asia-Pacific,Outlet,2,5,38.0,12.04,25,Male,Debit Card
NKORD02810,2023-04-06,NK018,Asia-Pacific,Online,2,20,44.8,7.74,26,Female,PayPal
NKORD02811,2023-05-03,NK014,North America,Retail,2,20,184.0,59.89,33,Male,UPI
NKORD02812,2024-12-27,NK010,North America,Retail,5,5,308.75,76.38,34,Female,Cash
NKORD02813,2024-05-27,NK004,Asia-Pacific,Online,3,10,324.0,105.48,25,Female,UPI
NKORD02814,2024-05-31,NK011,North America,Retail,1,0,155.0,55.13,25,Male,Credit Card
NKORD02815,2023-01-22,NK010,North America,Retail,2,5,123.5,29.96,41,Female,Credit Card
NKORD02816,2024-05-22,NK003,Asia-Pacific,Retail,1,5,180.5,63.78,33,Male,Cash
NKORD02817,2024-11-11,NK014,Middle East & Africa,Online,1,5,109.25,37.44,26,Female,Credit Card
NKORD02818,2025-09-26,NK004,Latin America,Outlet,4,0,480.0,166.57,34,Other,Debit Card
NKORD02819,2025-02-28,NK003,Latin America,Online,1,20,152.0,38.36,38,Female,Credit Card
NKORD02820,2023-04-13,NK001,Asia-Pacific,Outlet,1,20,92.0,20.39,36,Male,Credit Card
NKORD02821,2025-02-08,NK001,Europe,Wholesale,6,20,552.0,129.4,21,Female,Google Pay
NKORD02822,2025-03-30,NK006,Europe,Outlet,3,0,435.0,135.7,39,Female,NetBanking
NKORD02823,2023-10-26,NK010,North America,Online,6,20,312.0,80.26,38,Male,Credit Card
NKORD02824,2024-07-06,NK017,Asia-Pacific,Wholesale,2,5,95.0,29.34,36,Female,Google Pay
NKORD02825,2025-09-22,NK001,Europe,Retail,1,20,92.0,23.93,36,Female,Apple Pay
NKORD02826,2024-08-24,NK004,Europe,Online,5,20,480.0,146.7,20,Male,Credit Card
NKORD02827,2024-05-19,NK004,Latin America,Retail,6,10,648.0,158.99,44,Male,UPI
NKORD02828,2025-01-16,NK015,Europe,Online,3,10,75.6,25.49,38,Other,Debit Card
NKORD02829,2024-07-11,NK019,North America,Outlet,1,0,20.0,5.07,29,Other,NetBanking
NKORD02830,2025-01-12,NK010,Europe,Online,3,10,175.5,58.03,48,Male,Debit Card
NKORD02831,2024-11-27,NK019,Asia-Pacific,Outlet,6,5,114.0,24.57,41,Female,PayPal
NKORD02832,2023-04-07,NK010,North America,Retail,1,20,52.0,14.37,39,Male,Debit Card
NKORD02833,2023-02-03,NK001,North America,Outlet,3,5,327.75,110.39,31,Male,Credit Card
NKORD02834,2023-01-30,NK004,Asia-Pacific,Retail,1,5,114.0,32.84,37,Female,Debit Card
NKORD02835,2024-12-08,NK006,Latin America,Online,2,0,290.0,100.72,28,Male,Credit Card
NKORD02836,2024-01-03,NK018,Latin America,Online,4,5,106.4,30.77,33,Male,Credit Card
NKORD02837,2025-01-22,NK001,North America,Outlet,1,20,92.0,26.2,18,Male,UPI
NKORD02838,2025-04-20,NK003,North America,Retail,2,0,380.0,108.05,41,Female,UPI
NKORD02839,2024-05-25,NK002,Latin America,Retail,1,10,121.5,29.38,18,Male,PayPal
NKORD02840,2023-10-12,NK008,Europe,Retail,2,5,237.5,64.93,30,Male,Google Pay
NKORD02841,2023-06-13,NK004,Asia-Pacific,Retail,1,5,114.0,39.76,34,Female,Credit Card
NKORD02842,2024-06-06,NK005,Asia-Pacific,Online,4,0,680.0,233.79,26,Other,UPI
NKORD02843,2024-06-21,NK002,North America,Wholesale,2,10,243.0,59.08,25,Female,Debit Card
NKORD02844,2023-05-10,NK005,Europe,Online,2,5,323.0,86.18,37,Female,UPI
NKORD02845,2025-02-12,NK004,North America,Retail,4,20,384.0,114.79,33,Male,Credit Card
NKORD02846,2024-05-31,NK001,North America,Outlet,1,5,109.25,31.69,43,Other,PayPal
NKORD02847,2025-08-17,NK019,Latin America,Wholesale,1,10,18.0,5.1,35,Male,Debit Card
NKORD02848,2024-07-12,NK012,Middle East & Africa,Online,4,10,108.0,28.54,40,Male,Google Pay
NKORD02849,2025-08-21,NK008,North America,Online,3,0,375.0,99.94,25,Other,NetBanking
NKORD02850,2024-10-20,NK015,Middle East & Africa,Online,2,0,56.0,16.41,45,Female,Debit Card
NKORD02851,2024-05-16,NK012,Latin America,Online,1,10,27.0,5.8,20,Male,UPI
NKORD02852,2024-09-09,NK001,Europe,Online,1,10,103.5,25.48,20,Male,Google Pay
NKORD02853,2024-12-12,NK003,North America,Online,1,10,171.0,53.01,33,Female,Debit Card
NKORD02854,2024-05-15,NK009,North America,Retail,4,10,115.2,33.87,28,Female,UPI
NKORD02855,2023-09-02,NK004,Europe,Wholesale,3,20,288.0,73.67,42,Male,NetBanking
NKORD02856,2024-09-13,NK010,Middle East & Africa,Online,2,5,123.5,30.79,39,Male,UPI
NKORD02857,2023-07-02,NK004,Middle East & Africa,Online,1,20,96.0,29.74,46,Male,Google Pay
NKORD02858,2024-11-14,NK007,Middle East & Africa,Wholesale,1,10,148.5,46.0,27,Female,NetBanking
NKORD02859,2024-01-15,NK003,Europe,Online,2,5,361.0,100.74,22,Male,Credit Card
NKORD02860,2023-08-04,NK017,North America,Retail,6,0,300.0,91.36,29,Male,NetBanking
NKORD02861,2024-11-28,NK003,Middle East & Africa,Online,6,0,1140.0,368.36,43,Male,PayPal
NKORD02862,2024-01-12,NK010,Europe,Online,2,40,78.0,14.06,29,Male,Debit Card
NKORD02863,2024-08-13,NK004,Latin America,Retail,1,0,120.0,37.7,18,Male,Google Pay
NKORD02864,2024-05-04,NK011,Latin America,Outlet,1,10,139.5,32.56,21,Female,UPI
NKORD02865,2024-04-28,NK019,North America,Retail,3,20,48.0,7.3,32,Male,UPI
NKORD02866,2023-01-19,NK012,Europe,Retail,3,10,81.0,24.27,18,Male,Cash
NKORD02867,2024-05-25,NK020,Asia-Pacific,Wholesale,5,20,120.0,17.39,36,Male,UPI
NKORD02868,2025-06-04,NK015,Middle East & Africa,Outlet,2,0,56.0,11.83,18,Female,Credit Card
NKORD02869,2024-03-09,NK009,Asia-Pacific,Retail,4,5,121.6,38.22,38,Male,UPI
NKORD02870,2024-12-25,NK003,Latin America,Outlet,1,0,190.0,70.9,37,Female,Credit Card
NKORD02871,2025-04-25,NK006,Asia-Pacific,Wholesale,2,0,290.0,76.83,35,Male,Debit Card
NKORD02872,2025-06-16,NK015,Asia-Pacific,Online,1,0,28.0,8.18,42,Male,Apple Pay
NKORD02873,2023-01-25,NK012,Middle East & Africa,Outlet,4,5,114.0,30.31,30,Male,NetBanking
NKORD02874,2025-07-30,NK008,Middle East & Africa,Retail,2,10,225.0,66.02,32,Male,PayPal
NKORD02875,2023-01-30,NK010,Asia-Pacific,Online,2,0,130.0,37.62,25,Other,Google Pay
NKORD02876,2025-02-05,NK007,Asia-Pacific,Wholesale,1,20,132.0,39.02,32,Female,PayPal
NKORD02877,2024-09-29,NK011,Europe,Retail,3,5,441.75,153.44,26,Male,Credit Card
NKORD02878,2024-12-22,NK007,North America,Retail,1,20,132.0,38.6,30,Female,NetBanking
NKORD02879,2024-01-25,NK010,Europe,Outlet,5,10,292.5,93.09,46,Male,Cash
NKORD02880,2025-09-17,NK017,Europe,Online,4,5,190.0,50.64,39,Female,Credit Card
NKORD02881,2023-05-16,NK003,North America,Online,1,10,171.0,57.25,32,Male,Google Pay
NKORD02882,2024-11-18,NK005,Asia-Pacific,Online,4,10,612.0,154.39,22,Female,Cash
NKORD02883,2025-08-27,NK004,North America,Retail,5,5,570.0,169.46,27,Female,Credit Card
NKORD02884,2024-07-05,NK001,Latin America,Outlet,3,5,327.75,79.96,41,Other,Credit Card
NKORD02885,2025-05-05,NK019,Europe,Wholesale,2,5,38.0,11.27,35,Male,Debit Card
NKORD02886,2025-01-02,NK003,Asia-Pacific,Retail,4,10,684.0,250.52,41,Male,Google Pay
NKORD02887,2023-09-27,NK001,North America,Retail,2,10,207.0,71.25,22,Female,UPI
NKORD02888,2025-02-26,NK015,North America,Outlet,3,5,79.8,23.23,36,Female,Debit Card
NKORD02889,2025-09-16,NK012,Europe,Online,4,20,96.0,28.81,34,Female,Google Pay
NKORD02890,2023-02-14,NK002,Europe,Retail,5,5,641.25,160.6,31,Male,Google Pay
NKORD02891,2025-03-16,NK006,Europe,Retail,4,0,580.0,228.05,31,Male,UPI
NKORD02892,2025-04-22,NK015,Europe,Online,4,10,100.8,19.48,31,Male,Apple Pay
NKORD02893,2025-03-19,NK014,North America,Wholesale,1,0,115.0,39.4,26,Female,NetBanking
NKORD02894,2025-03-01,NK001,Middle East & Africa,Outlet,1,5,109.25,28.61,29,Female,Credit Card
NKORD02895,2023-06-04,NK008,North America,Retail,3,20,300.0,104.63,46,Female,Google Pay
NKORD02896,2024-03-04,NK015,Asia-Pacific,Outlet,2,10,50.4,8.66,29,Male,UPI
NKORD02897,2024-04-13,NK006,Europe,Retail,5,10,652.5,166.03,43,Male,Google Pay
NKORD02898,2024-11-27,NK016,North America,Online,2,20,64.0,18.42,18,Female,Debit Card
NKORD02899,2024-05-22,NK016,Latin America,Retail,6,10,216.0,70.0,39,Male,NetBanking
NKORD02900,2024-08-05,NK013,Latin America,Online,3,5,356.25,91.87,36,Male,Debit Card
NKORD02901,2024-05-01,NK001,Latin America,Retail,3,40,207.0,52.18,37,Male,UPI
NKORD02902,2023-11-13,NK013,Europe,Online,3,10,337.5,89.9,49,Male,Debit Card
NKORD02903,2023-10-08,NK017,Asia-Pacific,Retail,7,5,332.5,83.2,18,Male,Apple Pay
NKORD02904,2023-10-19,NK010,Asia-Pacific,Retail,7,5,432.25,108.47,41,Female,Debit Card
NKORD02905,2024-08-03,NK002,Middle East & Africa,Retail,5,5,641.25,233.61,45,Female,Google Pay
NKORD02906,2024-04-29,NK020,North America,Retail,3,5,85.5,29.05,34,Male,UPI
NKORD02907,2024-10-18,NK008,North America,Online,2,0,250.0,85.6,23,Female,Debit Card
NKORD02908,2024-06-16,NK013,Asia-Pacific,Retail,4,5,475.0,142.71,22,Female,Debit Card
NKORD02909,2025-09-06,NK007,Europe,Wholesale,1,0,165.0,59.96,34,Male,Credit Card
NKORD02910,2025-06-21,NK008,North America,Retail,4,0,500.0,133.65,29,Female,Credit Card
NKORD02911,2023-10-02,NK012,Latin America,Online,4,0,120.0,33.0,26,Male,PayPal
NKORD02912,2023-05-17,NK016,Latin America,Retail,1,5,38.0,11.58,22,Male,Cash
NKORD02913,2023-12-23,NK020,Asia-Pacific,Online,1,10,27.0,6.53,41,Female,Credit Card
NKORD02914,2024-10-02,NK019,Asia-Pacific,Outlet,4,20,64.0,11.62,47,Female,Credit Card
NKORD02915,2024-11-12,NK009,North America,Retail,3,40,57.6,6.91,39,Male,NetBanking
NKORD02916,2024-05-25,NK001,Asia-Pacific,Outlet,7,0,805.0,232.56,21,Female,Credit Card
NKORD02917,2025-06-16,NK010,Middle East & Africa,Retail,6,10,351.0,101.58,29,Male,UPI
NKORD02918,2023-12-14,NK019,Middle East & Africa,Online,1,40,12.0,2.36,32,Male,Credit Card
NKORD02919,2024-01-29,NK009,Latin America,Wholesale,4,10,115.2,21.09,21,Male,Cash
NKORD02920,2024-10-04,NK005,Middle East & Africa,Retail,2,10,306.0,90.89,41,Male,Credit Card
NKORD02921,2023-04-06,NK014,North America,Outlet,2,5,218.5,60.35,40,Male,UPI
NKORD02922,2024-05-28,NK019,Asia-Pacific,Outlet,1,5,19.0,4.48,26,Female,Debit Card
NKORD02923,2024-08-10,NK012,North America,Outlet,4,0,120.0,33.06,52,Male,Apple Pay
NKORD02924,2023-09-14,NK008,Asia-Pacific,Online,5,5,593.75,186.65,18,Other,NetBanking
NKORD02925,2023-11-17,NK002,Europe,Online,3,5,384.75,144.96,21,Male,Debit Card
NKORD02926,2023-07-02,NK020,Asia-Pacific,Retail,2,10,54.0,12.01,33,Male,PayPal
NKORD02927,2023-04-10,NK013,Latin America,Wholesale,2,5,237.5,46.76,41,Female,Credit Card
NKORD02928,2025-03-11,NK016,North America,Online,2,0,80.0,24.18,48,Female,NetBanking
NKORD02929,2023-03-07,NK007,North America,Online,3,0,495.0,189.94,51,Female,Credit Card
NKORD02930,2023-10-28,NK013,Asia-Pacific,Online,4,0,500.0,153.44,24,Female,Google Pay
NKORD02931,2024-07-27,NK018,North America,Online,3,5,79.8,19.33,32,Male,Apple Pay
NKORD02932,2023-04-11,NK012,North America,Wholesale,3,0,90.0,29.03,34,Male,NetBanking
NKORD02933,2023-11-17,NK013,North America,Wholesale,1,20,100.0,14.26,21,Female,UPI
NKORD02934,2025-09-02,NK003,Asia-Pacific,Outlet,2,20,304.0,75.87,18,Female,UPI
NKORD02935,2025-08-13,NK019,Asia-Pacific,Wholesale,1,5,19.0,4.61,44,Male,Credit Card
NKORD02936,2025-04-27,NK006,Asia-Pacific,Online,2,10,261.0,72.6,23,Female,Credit Card
NKORD02937,2023-01-21,NK019,North America,Wholesale,5,10,90.0,20.83,18,Male,Apple Pay
NKORD02938,2024-12-29,NK019,Latin America,Online,1,5,19.0,6.01,34,Female,Google Pay
NKORD02939,2024-07-23,NK015,Asia-Pacific,Retail,1,0,28.0,8.39,35,Female,UPI
NKORD02940,2023-09-10,NK014,Middle East & Africa,Online,4,10,414.0,121.99,18,Female,Google Pay
NKORD02941,2023-06-30,NK007,Asia-Pacific,Retail,3,10,445.5,156.02,48,Female,NetBanking
NKORD02942,2024-07-31,NK010,Asia-Pacific,Retail,4,5,247.0,64.38,27,Female,Debit Card
NKORD02943,2023-08-26,NK001,Latin America,Online,3,40,207.0,42.04,31,Male,Credit Card
NKORD02944,2023-06-05,NK008,Asia-Pacific,Retail,2,10,225.0,81.61,31,Female,Apple Pay
NKORD02945,2023-11-04,NK004,Asia-Pacific,Retail,7,5,798.0,257.13,42,Male,Credit Card
NKORD02946,2023-03-03,NK009,Europe,Outlet,2,0,64.0,21.3,27,Male,Debit Card
NKORD02947,2023-09-25,NK002,North America,Outlet,3,10,364.5,113.02,45,Female,UPI
NKORD02948,2023-01-07,NK001,Europe,Retail,1,10,103.5,32.52,23,Male,Debit Card
NKORD02949,2025-07-07,NK009,Europe,Online,1,5,30.4,7.14,31,Female,UPI
NKORD02950,2025-05-03,NK010,Europe,Retail,1,10,58.5,20.34,36,Male,Apple Pay
NKORD02951,2025-07-19,NK010,Asia-Pacific,Online,4,5,247.0,67.53,34,Female,Debit Card
NKORD02952,2025-08-04,NK019,North America,Online,5,10,90.0,21.7,32,Female,PayPal
NKORD02953,2025-02-24,NK009,Europe,Retail,2,0,64.0,16.02,24,Male,Apple Pay
NKORD02954,2024-12-10,NK003,North America,Wholesale,2,40,228.0,33.17,30,Male,NetBanking
NKORD02955,2024-07-10,NK005,Middle East & Africa,Wholesale,7,20,952.0,164.13,23,Female,Credit Card
NKORD02956,2025-04-07,NK018,North America,Retail,1,40,16.8,3.36,23,Female,Credit Card
NKORD02957,2023-04-06,NK018,Europe,Wholesale,4,5,106.4,22.83,22,Female,Credit Card
NKORD02958,2025-03-13,NK007,Middle East & Africa,Online,1,0,165.0,60.75,23,Male,Cash
NKORD02959,2025-03-09,NK006,Asia-Pacific,Online,4,0,580.0,218.73,41,Male,Apple Pay
NKORD02960,2024-11-18,NK017,Asia-Pacific,Online,6,10,270.0,76.75,45,Male,Credit Card
NKORD02961,2023-07-07,NK005,Europe,Online,1,10,153.0,50.72,22,Female,Credit Card
NKORD02962,2025-03-04,NK009,North America,Retail,1,10,28.8,7.67,50,Female,Credit Card
NKORD02963,2023-09-19,NK016,North America,Retail,4,5,152.0,43.67,25,Female,UPI
NKORD02964,2024-06-26,NK010,North America,Retail,3,10,175.5,41.49,36,Male,Google Pay
NKORD02965,2024-11-03,NK001,Europe,Outlet,4,10,414.0,117.37,18,Male,UPI
NKORD02966,2024-06-30,NK003,Asia-Pacific,Retail,4,20,608.0,176.65,28,Male,PayPal
NKORD02967,2023-12-23,NK011,North America,Online,6,5,883.5,270.33,48,Male,Apple Pay
NKORD02968,2025-04-16,NK016,Latin America,Online,3,20,96.0,17.42,33,Female,UPI
NKORD02969,2023-03-02,NK020,Asia-Pacific,Retail,5,10,135.0,36.42,37,Female,Google Pay
NKORD02970,2023-03-22,NK004,Europe,Retail,5,10,540.0,190.05,27,Female,Debit Card
NKORD02971,2023-08-06,NK018,Europe,Retail,2,5,53.2,14.54,36,Male,Credit Card
NKORD02972,2025-01-17,NK015,Latin America,Online,2,5,53.2,16.44,18,Male,Credit Card
NKORD02973,2024-08-18,NK014,Europe,Online,2,0,230.0,56.69,28,Female,Google Pay
NKORD02974,2025-05-17,NK001,Europe,Online,2,10,207.0,61.89,34,Male,Debit Card
NKORD02975,2024-09-12,NK007,Middle East & Africa,Online,2,10,297.0,87.55,18,Female,Cash
NKORD02976,2023-08-07,NK017,Europe,Retail,7,10,315.0,86.89,24,Male,Credit Card
NKORD02977,2024-08-11,NK014,North America,Outlet,2,10,207.0,44.94,35,Male,UPI
NKORD02978,2024-08-31,NK013,North America,Retail,3,10,337.5,97.16,27,Male,PayPal
NKORD02979,2025-08-21,NK005,Asia-Pacific,Online,2,10,306.0,73.42,31,Female,PayPal
NKORD02980,2025-04-01,NK004,Asia-Pacific,Outlet,4,20,384.0,90.21,31,Female,UPI
NKORD02981,2024-02-27,NK008,Asia-Pacific,Outlet,1,20,100.0,19.11,18,Female,UPI
NKORD02982,2023-12-01,NK019,North America,Online,5,5,95.0,24.13,26,Male,PayPal
NKORD02983,2023-12-06,NK004,Europe,Online,1,10,108.0,39.37,33,Male,Debit Card
NKORD02984,2024-09-13,NK018,Latin America,Online,1,0,28.0,6.69,47,Male,Debit Card
NKORD02985,2025-01-22,NK014,Europe,Online,2,10,207.0,50.68,28,Male,Credit Card
NKORD02986,2023-06-12,NK018,Europe,Wholesale,5,5,133.0,38.94,19,Female,UPI
NKORD02987,2024-02-03,NK010,North America,Online,4,0,260.0,66.38,28,Male,UPI
NKORD02988,2024-04-25,NK010,North America,Outlet,2,0,130.0,33.23,38,Female,Cash
NKORD02989,2023-09-29,NK016,Europe,Retail,2,0,80.0,24.69,57,Male,UPI
NKORD02990,2023-12-04,NK007,Middle East & Africa,Online,2,5,313.5,106.83,23,Female,Google Pay
NKORD02991,2024-01-27,NK003,North America,Online,4,10,684.0,162.91,38,Female,NetBanking
NKORD02992,2023-04-13,NK015,Europe,Online,3,0,84.0,20.87,28,Male,Debit Card
NKORD02993,2025-03-08,NK014,Latin America,Wholesale,2,10,207.0,45.98,46,Female,UPI
NKORD02994,2023-12-06,NK020,Europe,Outlet,5,20,120.0,27.66,42,Male,PayPal
NKORD02995,2023-02-28,NK001,North America,Outlet,4,20,368.0,79.6,32,Female,Google Pay
NKORD02996,2025-07-13,NK008,Europe,Retail,1,0,125.0,45.59,41,Female,Google Pay
NKORD02997,2025-09-26,NK020,Europe,Online,3,0,90.0,21.35,22,Female,PayPal
NKORD02998,2023-06-24,NK011,Asia-Pacific,Online,4,20,496.0,125.97,51,Male,Google Pay
NKORD02999,2024-02-21,NK011,Middle East & Africa,Online,1,10,139.5,37.09,34,Female,NetBanking
NKORD03000,2023-03-23,NK006,Latin America,Online,5,40,435.0,66.65,24,Female,UPI
